공지일시,노선명,사고유형,주행방향,통제차로수,기상상태,지속시간_분,위험도_점수,위험_등급,위도,경도
2024-01-01 19:06:00,중앙고속도로,공사,상행,2,맑음,131,1.26,1,34.5224,129.47179
2024-01-02 13:17:00,호남고속도로,차량고장,상행,1,눈,169,1.1,1,35.1271,129.37376
2024-01-03 07:24:00,경부고속도로,교통사고,하행,2,흐림,92,1.968,2,34.64934,127.78105
2024-01-03 18:56:00,동해고속도로,교통사고,상행,1,흐림,152,0.588,1,37.89626,128.62769
2024-01-06 15:57:00,중부고속도로,교통사고,상행,1,맑음,51,0.61,1,38.46443,127.06169
2024-01-06 18:17:00,영동고속도로,낙하물,하행,0,맑음,45,0.0,0,36.55169,127.33038
2024-01-06 19:58:00,동해고속도로,교통사고,상행,1,맑음,84,0.49,0,36.79082,127.69332
2024-01-07 09:43:00,통영대전고속도로,공사,상행,1,흐림,40,0.696,1,35.82978,127.94633
2024-01-08 19:58:00,남해고속도로,공사,하행,1,맑음,167,0.68,1,34.74185,128.44367
2024-01-09 07:11:00,호남고속도로,교통사고,하행,0,맑음,42,0.0,0,35.3179,126.51719
2024-01-09 14:38:00,서해안고속도로,차량고장,상행,1,맑음,178,0.74,1,37.74552,127.32323
2024-01-11 08:28:00,서해안고속도로,공사,하행,1,맑음,168,0.74,1,35.04314,126.61525
2024-01-11 09:45:00,광주대구고속도로,공사,상행,0,흐림,62,0.0,0,37.72467,126.83273
2024-01-11 09:56:00,호남고속도로,교통사고,하행,1,비,129,0.825,1,35.88279,128.29291
2024-01-11 11:17:00,서해안고속도로,낙하물,하행,2,맑음,52,1.48,1,35.66556,129.267
2024-01-11 12:20:00,남해고속도로,교통사고,상행,1,흐림,134,0.816,1,34.98193,128.00541
2024-01-11 15:52:00,영동고속도로,교통사고,하행,1,맑음,51,0.77,1,37.06068,128.28974
2024-01-11 15:53:00,영동고속도로,낙하물,상행,1,맑음,96,0.77,1,37.65218,126.84052
2024-01-11 19:44:00,중앙고속도로,교통사고,상행,1,맑음,64,0.63,1,34.64685,129.40644
2024-01-11 23:39:00,통영대전고속도로,공사,하행,1,흐림,81,0.696,1,34.51149,127.34825
2024-01-12 15:04:00,동해고속도로,교통사고,상행,1,흐림,166,0.588,1,36.47939,128.6849
2024-01-13 15:12:00,서해안고속도로,공사,하행,0,비,66,0.0,0,36.35875,126.72698
2024-01-13 20:40:00,서해안고속도로,교통사고,상행,1,흐림,47,0.888,1,35.33073,127.53172
2024-01-14 08:19:00,호남고속도로,교통사고,상행,0,흐림,110,0.0,0,37.85668,128.03744
2024-01-14 11:34:00,중부고속도로,공사,하행,0,비,159,0.0,0,37.67005,126.8878
2024-01-15 07:31:00,광주대구고속도로,공사,하행,0,흐림,160,0.0,0,36.08307,128.93471
2024-01-15 12:55:00,서해안고속도로,교통사고,하행,1,비,114,1.11,1,37.50763,127.64882
2024-01-15 18:08:00,통영대전고속도로,교통사고,하행,1,맑음,166,0.58,1,35.23272,126.70355
2024-01-16 15:02:00,남해고속도로,교통사고,하행,2,흐림,137,1.632,2,35.40261,126.87166
2024-01-17 15:17:00,호남고속도로,교통사고,하행,1,안개,20,0.99,1,37.55286,129.49778
2024-01-18 08:26:00,남해고속도로,차량고장,하행,1,눈,31,1.36,1,35.89402,128.45039
2024-01-18 10:15:00,중앙고속도로,차량고장,상행,0,흐림,23,0.0,0,37.29725,127.39465
2024-01-18 14:50:00,동해고속도로,교통사고,상행,3,맑음,168,1.47,1,35.83802,127.04336
2024-01-18 16:41:00,중부고속도로,공사,하행,1,눈,23,1.22,1,34.82059,128.47786
2024-01-19 08:19:00,호남고속도로,공사,하행,2,비,167,1.65,2,35.86441,128.22917
2024-01-19 18:10:00,광주대구고속도로,교통사고,하행,2,흐림,105,1.248,1,34.95758,127.26431
2024-01-21 07:31:00,동해고속도로,낙하물,상행,2,맑음,56,0.98,1,36.84826,127.96476
2024-01-21 09:46:00,통영대전고속도로,공사,상행,3,맑음,116,1.74,2,35.89759,127.51244
2024-01-22 08:43:00,통영대전고속도로,기상악화,상행,2,맑음,40,1.16,1,37.20942,127.86339
2024-01-22 10:27:00,경부고속도로,기상악화,상행,0,맑음,97,0.0,0,38.07314,129.30935
2024-01-22 17:52:00,동해고속도로,공사,하행,0,맑음,10,0.0,0,37.92539,128.13554
2024-01-22 18:26:00,중부고속도로,교통사고,상행,0,흐림,68,0.0,0,37.13428,128.56982
2024-01-23 05:16:00,동해고속도로,공사,상행,3,흐림,119,1.764,2,36.34526,128.49603
2024-01-23 13:22:00,호남고속도로,차량고장,하행,0,흐림,48,0.0,0,38.06681,127.32375
2024-01-24 20:14:00,남해고속도로,공사,하행,2,맑음,125,1.36,1,38.01353,126.60021
2024-01-25 00:26:00,중부고속도로,공사,하행,1,비,78,0.915,1,36.68014,127.61281
2024-01-25 11:08:00,남해고속도로,교통사고,상행,0,맑음,159,0.0,0,34.63224,128.45654
2024-01-25 17:31:00,영동고속도로,공사,하행,0,눈,42,0.0,0,37.83296,129.43899
2024-01-25 18:44:00,중앙고속도로,교통사고,상행,0,흐림,131,0.0,0,36.52368,128.72945
2024-01-26 12:19:00,호남고속도로,차량고장,하행,1,흐림,90,0.66,1,37.53594,129.36795
2024-01-26 13:08:00,광주대구고속도로,교통사고,상행,0,맑음,112,0.0,0,35.75679,128.37791
2024-01-27 08:37:00,중부고속도로,차량고장,상행,0,맑음,83,0.0,0,38.30813,128.53734
2024-01-27 15:59:00,남해고속도로,교통사고,하행,0,비,22,0.0,0,36.30714,126.78464
2024-01-27 20:18:00,영동고속도로,교통사고,하행,2,비,65,2.31,2,37.02133,128.59489
2024-01-27 20:38:00,중부고속도로,교통사고,하행,3,맑음,149,1.83,2,35.58678,127.46392
2024-01-28 12:55:00,통영대전고속도로,기상악화,상행,1,맑음,178,0.58,1,36.01612,127.55539
2024-02-01 12:10:00,서해안고속도로,교통사고,하행,1,눈,148,1.48,1,37.92896,128.86422
2024-02-01 18:55:00,경부고속도로,공사,하행,0,흐림,123,0.0,0,34.80036,128.37774
2024-02-02 14:54:00,영동고속도로,교통사고,하행,1,맑음,51,0.77,1,36.81618,127.87653
2024-02-02 21:01:00,통영대전고속도로,낙하물,하행,0,눈,134,0.0,0,37.31296,127.35738
2024-02-04 09:17:00,경부고속도로,기상악화,상행,1,맑음,121,0.82,1,36.99202,128.69719
2024-02-04 11:10:00,서해안고속도로,공사,하행,0,맑음,112,0.0,0,36.81765,126.90262
2024-02-04 13:06:00,광주대구고속도로,공사,하행,3,비,39,2.34,2,35.59336,127.09341
2024-02-04 16:47:00,영동고속도로,낙하물,하행,0,흐림,64,0.0,0,36.01619,128.53032
2024-02-05 09:14:00,남해고속도로,공사,상행,1,흐림,47,0.816,1,34.99777,127.27241
2024-02-05 09:24:00,동해고속도로,공사,상행,2,비,71,1.47,1,35.26914,128.84391
2024-02-05 17:03:00,남해고속도로,교통사고,상행,0,안개,145,0.0,0,38.16656,127.91806
2024-02-06 06:30:00,중부고속도로,공사,하행,1,비,121,0.915,1,36.23602,128.47623
2024-02-06 07:35:00,경부고속도로,기상악화,하행,0,맑음,107,0.0,0,37.99212,127.76606
2024-02-07 08:07:00,남해고속도로,교통사고,상행,1,맑음,50,0.68,1,36.36099,126.75761
2024-02-07 09:26:00,중부고속도로,공사,하행,1,안개,55,1.098,1,34.79852,128.65906
2024-02-07 21:35:00,경부고속도로,공사,하행,2,맑음,126,1.64,2,38.31882,127.51788
2024-02-08 17:24:00,영동고속도로,공사,하행,2,비,82,2.31,2,35.19531,128.73407
2024-02-08 18:24:00,중부고속도로,낙하물,하행,0,눈,147,0.0,0,37.89152,128.43854
2024-02-09 07:23:00,남해고속도로,교통사고,하행,1,비,75,1.02,1,37.21155,127.81999
2024-02-09 07:29:00,동해고속도로,교통사고,하행,0,맑음,162,0.0,0,36.69176,126.58416
2024-02-09 07:40:00,남해고속도로,차량고장,하행,0,맑음,55,0.0,0,35.55016,126.66363
2024-02-09 15:21:00,남해고속도로,공사,상행,0,비,90,0.0,0,36.47664,128.7067
2024-02-09 16:39:00,동해고속도로,기상악화,하행,0,맑음,176,0.0,0,37.89446,128.20457
2024-02-09 17:20:00,통영대전고속도로,공사,상행,2,흐림,155,1.392,1,34.93636,127.09031
2024-02-09 19:08:00,서해안고속도로,교통사고,하행,1,비,38,1.11,1,35.33502,126.62158
2024-02-09 19:44:00,서해안고속도로,교통사고,상행,0,맑음,79,0.0,0,37.4754,126.87052
2024-02-10 03:09:00,영동고속도로,교통사고,하행,2,흐림,39,1.848,2,38.39606,129.29744
2024-02-10 04:33:00,중부고속도로,공사,상행,1,흐림,128,0.732,1,38.4625,126.58142
2024-02-10 12:08:00,중부고속도로,기상악화,하행,2,안개,90,2.196,2,36.01455,127.37506
2024-02-11 07:48:00,영동고속도로,차량고장,하행,1,맑음,140,0.77,1,36.58021,128.21217
2024-02-11 07:50:00,통영대전고속도로,차량고장,상행,1,안개,83,1.044,1,34.74383,129.15491
2024-02-11 08:36:00,중부고속도로,교통사고,하행,1,비,46,0.915,1,35.92807,127.78811
2024-02-11 13:27:00,광주대구고속도로,공사,하행,0,흐림,77,0.0,0,37.41696,128.38458
2024-02-11 18:10:00,호남고속도로,기상악화,상행,1,흐림,46,0.66,1,36.62632,129.04483
2024-02-11 18:17:00,남해고속도로,교통사고,상행,1,흐림,63,0.816,1,37.12149,128.07887
2024-02-11 19:16:00,통영대전고속도로,공사,상행,1,맑음,41,0.58,1,34.73732,129.36767
2024-02-12 00:19:00,서해안고속도로,교통사고,하행,0,비,10,0.0,0,37.07155,129.1516
2024-02-12 09:25:00,광주대구고속도로,공사,하행,0,안개,30,0.0,0,38.38985,126.96326
2024-02-12 18:01:00,호남고속도로,공사,상행,3,비,63,2.475,2,37.05169,128.67192
2024-02-13 07:23:00,광주대구고속도로,낙하물,하행,2,맑음,13,1.04,1,37.4851,127.42823
2024-02-13 15:59:00,동해고속도로,교통사고,하행,3,맑음,147,1.47,1,34.72376,128.75353
2024-02-13 23:18:00,동해고속도로,차량고장,하행,3,안개,76,2.646,2,35.93674,127.09027
2024-02-14 09:28:00,호남고속도로,공사,상행,0,맑음,149,0.0,0,38.44118,128.47458
2024-02-14 12:52:00,호남고속도로,교통사고,하행,1,맑음,66,0.55,1,35.82758,127.30424
2024-02-14 13:55:00,남해고속도로,기상악화,하행,2,맑음,85,1.36,1,35.26208,128.19041
2024-02-14 18:05:00,남해고속도로,교통사고,하행,2,비,76,2.04,2,35.20907,127.09219
2024-02-14 20:37:00,경부고속도로,낙하물,하행,2,비,137,2.46,2,36.27428,126.73766
2024-02-15 07:09:00,남해고속도로,공사,하행,1,비,34,1.02,1,34.62557,126.50387
2024-02-15 08:14:00,경부고속도로,공사,상행,0,흐림,62,0.0,0,35.85613,126.96222
2024-02-15 09:42:00,광주대구고속도로,공사,상행,1,맑음,149,0.52,1,37.00337,126.57816
2024-02-16 17:31:00,통영대전고속도로,교통사고,상행,1,흐림,47,0.696,1,37.36252,126.51045
2024-02-17 11:39:00,동해고속도로,공사,하행,0,흐림,133,0.0,0,37.40859,127.88544
2024-02-17 15:22:00,영동고속도로,교통사고,상행,2,흐림,122,1.848,2,34.96658,129.42428
2024-02-17 19:27:00,남해고속도로,공사,하행,2,흐림,159,1.632,2,37.96398,129.3782
2024-02-17 19:52:00,영동고속도로,교통사고,하행,1,흐림,90,0.924,1,36.61476,128.30365
2024-02-18 07:20:00,중앙고속도로,차량고장,하행,0,흐림,179,0.0,0,38.14935,126.66775
2024-02-18 13:34:00,동해고속도로,공사,하행,1,눈,81,0.98,1,38.00985,127.93138
2024-02-18 14:15:00,호남고속도로,교통사고,하행,1,맑음,176,0.55,1,36.07427,126.67748
2024-02-18 15:20:00,통영대전고속도로,공사,상행,0,맑음,62,0.0,0,37.45958,129.11116
2024-02-18 17:08:00,중부고속도로,공사,하행,1,비,92,0.915,1,35.23715,129.49327
2024-02-19 18:17:00,광주대구고속도로,교통사고,하행,0,흐림,30,0.0,0,35.1216,129.40266
2024-02-19 21:57:00,호남고속도로,교통사고,하행,3,안개,87,2.97,2,35.28197,126.58081
2024-02-20 10:48:00,중부고속도로,차량고장,하행,1,맑음,122,0.61,1,35.52031,129.35835
2024-02-21 23:10:00,호남고속도로,교통사고,하행,1,비,38,0.825,1,34.94646,128.28498
2024-02-22 01:45:00,남해고속도로,기상악화,하행,1,맑음,161,0.68,1,35.08866,129.17049
2024-02-23 12:52:00,영동고속도로,낙하물,상행,3,비,150,3.465,2,34.54043,127.13441
2024-02-23 14:55:00,중앙고속도로,차량고장,하행,1,눈,120,1.26,1,36.81178,127.01709
2024-02-24 07:44:00,서해안고속도로,공사,하행,0,맑음,68,0.0,0,37.77899,129.21854
2024-02-24 08:15:00,중부고속도로,차량고장,하행,2,흐림,121,1.464,1,38.1508,126.87519
2024-02-24 17:03:00,경부고속도로,교통사고,하행,2,흐림,175,1.968,2,34.61066,126.91853
2024-02-24 21:00:00,호남고속도로,기상악화,하행,0,맑음,154,0.0,0,37.3605,128.14005
2024-02-25 06:06:00,서해안고속도로,공사,상행,1,맑음,33,0.74,1,36.65015,126.54154
2024-02-27 18:25:00,서해안고속도로,교통사고,하행,0,맑음,68,0.0,0,36.24738,127.85162
2024-02-27 19:10:00,호남고속도로,공사,상행,0,맑음,30,0.0,0,34.68659,128.86121
2024-02-27 19:45:00,광주대구고속도로,교통사고,하행,2,안개,90,1.872,2,35.02671,128.52845
2024-02-27 20:14:00,호남고속도로,교통사고,상행,1,눈,62,1.1,1,37.30822,126.56541
2024-02-28 02:17:00,영동고속도로,교통사고,하행,1,흐림,164,0.924,1,36.44217,128.2991
2024-02-28 12:09:00,호남고속도로,교통사고,상행,3,맑음,139,1.65,2,35.89069,128.71932
2024-02-28 19:23:00,통영대전고속도로,교통사고,하행,1,맑음,140,0.58,1,37.39697,127.70699
2024-03-01 07:07:00,중부고속도로,낙하물,하행,1,눈,122,1.22,1,38.40498,126.98887
2024-03-01 19:49:00,동해고속도로,낙하물,상행,2,흐림,177,1.176,1,36.23248,128.14509
2024-03-02 14:18:00,광주대구고속도로,기상악화,하행,2,맑음,80,1.04,1,36.90704,127.6368
2024-03-02 22:27:00,경부고속도로,공사,상행,0,흐림,70,0.0,0,35.01351,127.47479
2024-03-03 17:28:00,광주대구고속도로,교통사고,하행,1,비,44,0.78,1,35.29107,128.08129
2024-03-04 20:28:00,호남고속도로,교통사고,하행,0,맑음,155,0.0,0,36.24276,127.94043
2024-03-04 20:45:00,중부고속도로,교통사고,상행,1,흐림,24,0.732,1,36.90129,127.61098
2024-03-04 22:03:00,경부고속도로,차량고장,상행,0,안개,134,0.0,0,37.84065,127.45151
2024-03-05 01:45:00,동해고속도로,교통사고,하행,1,안개,27,0.882,1,37.85267,129.16107
2024-03-05 08:14:00,영동고속도로,차량고장,하행,1,안개,96,1.386,1,36.16238,129.01494
2024-03-05 18:46:00,경부고속도로,교통사고,하행,1,맑음,109,0.82,1,35.87168,127.49673
2024-03-06 03:07:00,통영대전고속도로,교통사고,상행,2,맑음,65,1.16,1,35.68125,128.10443
2024-03-06 06:54:00,남해고속도로,교통사고,하행,3,비,85,3.06,2,36.82722,128.93356
2024-03-06 14:26:00,중부고속도로,공사,하행,2,흐림,176,1.464,1,36.84554,128.42924
2024-03-06 17:08:00,중부고속도로,교통사고,하행,1,맑음,140,0.61,1,37.38716,128.48528
2024-03-07 09:24:00,통영대전고속도로,교통사고,하행,0,눈,136,0.0,0,36.02265,127.27561
2024-03-08 02:43:00,경부고속도로,교통사고,상행,1,맑음,124,0.82,1,36.40332,128.40164
2024-03-08 11:15:00,영동고속도로,교통사고,상행,2,흐림,50,1.848,2,36.10608,129.08007
2024-03-08 13:39:00,동해고속도로,공사,하행,0,흐림,50,0.0,0,34.85547,126.63431
2024-03-10 21:18:00,호남고속도로,교통사고,하행,2,흐림,115,1.32,1,37.35524,126.96867
2024-03-11 08:41:00,서해안고속도로,기상악화,상행,1,맑음,74,0.74,1,36.05818,128.88475
2024-03-11 11:23:00,남해고속도로,공사,하행,0,맑음,98,0.0,0,37.37783,128.29324
2024-03-11 18:33:00,경부고속도로,교통사고,상행,1,흐림,99,0.984,1,37.00709,128.64901
2024-03-12 07:26:00,호남고속도로,공사,상행,2,흐림,156,1.32,1,35.97086,129.46202
2024-03-12 08:01:00,영동고속도로,교통사고,상행,0,눈,39,0.0,0,35.91094,128.81028
2024-03-12 18:38:00,통영대전고속도로,공사,하행,0,맑음,128,0.0,0,34.59477,129.14017
2024-03-13 07:22:00,서해안고속도로,교통사고,하행,0,맑음,90,0.0,0,37.63134,127.7731
2024-03-13 08:38:00,동해고속도로,기상악화,하행,0,맑음,103,0.0,0,36.37778,127.01754
2024-03-13 15:49:00,광주대구고속도로,공사,상행,1,흐림,165,0.624,1,36.38823,126.99638
2024-03-14 06:29:00,호남고속도로,공사,하행,2,흐림,118,1.32,1,36.28014,127.31248
2024-03-14 08:55:00,서해안고속도로,낙하물,하행,1,맑음,111,0.74,1,34.73467,127.07678
2024-03-14 12:52:00,동해고속도로,낙하물,하행,0,비,111,0.0,0,36.74292,128.77025
2024-03-14 15:01:00,중앙고속도로,교통사고,하행,0,맑음,26,0.0,0,35.11806,126.75567
2024-03-14 18:00:00,중부고속도로,기상악화,하행,2,흐림,80,1.464,1,34.6529,127.51078
2024-03-16 17:51:00,호남고속도로,공사,하행,2,흐림,85,1.32,1,37.41214,128.38759
2024-03-17 11:47:00,호남고속도로,교통사고,상행,3,맑음,170,1.65,2,34.64212,127.51944
2024-03-17 15:13:00,통영대전고속도로,차량고장,하행,1,안개,49,1.044,1,37.23221,127.66192
2024-03-17 16:28:00,경부고속도로,기상악화,하행,2,맑음,45,1.64,2,36.1122,129.05378
2024-03-17 16:43:00,경부고속도로,교통사고,하행,1,흐림,19,0.984,1,36.06764,129.43001
2024-03-18 04:04:00,광주대구고속도로,교통사고,상행,0,맑음,146,0.0,0,38.21411,128.22134
2024-03-18 18:20:00,통영대전고속도로,차량고장,하행,0,맑음,136,0.0,0,34.93436,128.26747
2024-03-18 23:16:00,통영대전고속도로,교통사고,하행,3,맑음,136,1.74,2,37.12142,128.16338
2024-03-19 16:15:00,동해고속도로,교통사고,상행,1,맑음,156,0.49,0,36.07618,128.80802
2024-03-20 12:38:00,광주대구고속도로,공사,상행,0,맑음,175,0.0,0,35.80815,129.21718
2024-03-21 03:35:00,통영대전고속도로,기상악화,상행,1,맑음,152,0.58,1,35.56789,126.78957
2024-03-21 08:03:00,광주대구고속도로,공사,상행,1,안개,23,0.936,1,38.06951,128.78669
2024-03-21 19:15:00,서해안고속도로,교통사고,하행,2,흐림,161,1.776,2,35.09486,127.67416
2024-03-21 19:22:00,경부고속도로,공사,하행,0,눈,104,0.0,0,37.37875,127.93953
2024-03-22 14:40:00,경부고속도로,낙하물,상행,0,흐림,104,0.0,0,34.60282,127.60827
2024-03-22 17:55:00,중부고속도로,교통사고,하행,0,흐림,119,0.0,0,37.1778,127.75517
2024-03-23 13:35:00,서해안고속도로,공사,하행,1,흐림,98,0.888,1,36.94833,127.64789
2024-03-23 17:26:00,통영대전고속도로,공사,하행,0,흐림,171,0.0,0,34.98819,126.76856
2024-03-23 18:28:00,경부고속도로,차량고장,하행,2,흐림,59,1.968,2,36.26649,127.16619
2024-03-24 08:04:00,중부고속도로,교통사고,하행,1,흐림,163,0.732,1,35.38041,129.45014
2024-03-24 08:46:00,호남고속도로,공사,하행,1,흐림,36,0.66,1,35.38517,127.15114
2024-03-24 08:47:00,중부고속도로,차량고장,하행,3,비,60,2.745,2,36.22739,129.48679
2024-03-24 14:45:00,경부고속도로,공사,상행,1,안개,136,1.476,1,35.14732,126.68691
2024-03-24 15:57:00,동해고속도로,교통사고,상행,0,흐림,127,0.0,0,37.7134,128.71496
2024-03-25 13:45:00,중앙고속도로,교통사고,하행,3,맑음,99,1.89,2,35.47342,129.18013
2024-03-25 21:02:00,광주대구고속도로,공사,하행,1,맑음,161,0.52,1,36.81704,129.13713
2024-03-26 06:10:00,통영대전고속도로,기상악화,상행,0,맑음,80,0.0,0,35.60052,128.81386
2024-03-26 09:49:00,남해고속도로,공사,하행,0,흐림,49,0.0,0,35.14186,126.93335
2024-03-26 22:11:00,중앙고속도로,공사,상행,1,눈,156,1.26,1,37.29419,128.20208
2024-03-27 09:16:00,경부고속도로,기상악화,상행,1,흐림,177,0.984,1,35.34066,127.18322
2024-03-28 07:57:00,영동고속도로,공사,하행,1,맑음,52,0.77,1,36.63355,127.64462
2024-03-28 17:21:00,서해안고속도로,공사,상행,1,안개,178,1.332,1,34.62932,126.72084
2024-03-28 18:50:00,통영대전고속도로,기상악화,상행,2,안개,136,2.088,2,36.32185,126.83711
2024-03-28 21:51:00,서해안고속도로,차량고장,상행,3,맑음,95,2.22,2,38.04068,127.46468
2024-04-01 13:03:00,경부고속도로,교통사고,상행,0,맑음,114,0.0,0,37.95397,126.61056
2024-04-01 18:59:00,중부고속도로,낙하물,하행,1,흐림,106,0.732,1,36.32191,127.72176
2024-04-02 07:11:00,중부고속도로,낙하물,상행,0,안개,126,0.0,0,37.28247,126.58185
2024-04-02 07:14:00,호남고속도로,교통사고,상행,2,흐림,164,1.32,1,38.04722,126.83704
2024-04-02 17:07:00,중부고속도로,교통사고,상행,2,비,103,1.83,2,36.20347,129.18738
2024-04-02 17:35:00,남해고속도로,교통사고,상행,2,맑음,112,1.36,1,36.25335,128.54923
2024-04-02 19:31:00,중앙고속도로,낙하물,상행,0,비,115,0.0,0,37.39012,127.31156
2024-04-03 08:09:00,영동고속도로,공사,하행,2,흐림,120,1.848,2,35.12993,126.70479
2024-04-03 08:20:00,통영대전고속도로,낙하물,하행,1,안개,155,1.044,1,35.57368,129.01668
2024-04-03 17:43:00,서해안고속도로,교통사고,하행,0,비,125,0.0,0,34.88812,127.93166
2024-04-03 17:59:00,통영대전고속도로,공사,하행,0,맑음,47,0.0,0,36.7602,127.51182
2024-04-03 19:59:00,경부고속도로,교통사고,상행,2,맑음,47,1.64,2,36.44388,128.0559
2024-04-03 22:08:00,영동고속도로,공사,하행,0,안개,116,0.0,0,38.12237,128.63864
2024-04-04 06:36:00,남해고속도로,기상악화,하행,1,비,103,1.02,1,37.64556,127.66047
2024-04-04 13:57:00,남해고속도로,공사,상행,2,눈,101,2.72,2,36.85503,126.87924
2024-04-05 15:16:00,중앙고속도로,공사,상행,0,맑음,81,0.0,0,34.58217,128.22281
2024-04-05 17:08:00,영동고속도로,교통사고,하행,1,맑음,19,0.77,1,37.3098,127.57326
2024-04-06 09:54:00,경부고속도로,교통사고,상행,1,맑음,12,0.82,1,36.2392,127.14827
2024-04-06 11:06:00,영동고속도로,낙하물,하행,1,흐림,61,0.924,1,38.49796,127.54781
2024-04-07 15:21:00,동해고속도로,차량고장,하행,0,흐림,24,0.0,0,35.30636,128.29813
2024-04-07 18:56:00,동해고속도로,공사,하행,2,맑음,71,0.98,1,36.80107,127.00832
2024-04-07 23:27:00,남해고속도로,교통사고,상행,0,안개,99,0.0,0,36.54006,127.56042
2024-04-08 01:39:00,중앙고속도로,낙하물,하행,2,비,16,1.89,2,36.87514,128.15038
2024-04-08 12:51:00,중부고속도로,교통사고,하행,1,비,153,0.915,1,37.32711,128.96214
2024-04-08 18:53:00,서해안고속도로,교통사고,하행,0,맑음,40,0.0,0,38.41591,128.47472
2024-04-09 17:13:00,통영대전고속도로,공사,상행,1,비,113,0.87,1,35.47761,127.66974
2024-04-10 07:55:00,광주대구고속도로,낙하물,상행,0,흐림,148,0.0,0,36.80141,127.68371
2024-04-11 08:53:00,통영대전고속도로,교통사고,하행,3,눈,18,3.48,2,35.43641,128.00462
2024-04-11 19:38:00,남해고속도로,교통사고,상행,3,흐림,113,2.448,2,35.6386,128.04182
2024-04-11 20:17:00,경부고속도로,공사,상행,0,안개,151,0.0,0,34.73516,129.49993
2024-04-12 07:22:00,경부고속도로,교통사고,상행,0,맑음,175,0.0,0,35.97003,127.032
2024-04-12 12:02:00,중앙고속도로,공사,상행,2,비,114,1.89,2,37.75471,128.57766
2024-04-12 19:43:00,통영대전고속도로,공사,하행,1,비,160,0.87,1,34.55138,127.81371
2024-04-13 09:45:00,동해고속도로,교통사고,상행,0,맑음,100,0.0,0,35.40244,127.89632
2024-04-13 11:39:00,광주대구고속도로,공사,상행,3,흐림,23,1.872,2,36.626,127.64813
2024-04-13 19:58:00,중부고속도로,교통사고,하행,0,비,111,0.0,0,36.47958,128.20713
2024-04-14 15:45:00,중앙고속도로,교통사고,하행,0,눈,95,0.0,0,35.78272,128.94191
2024-04-15 07:07:00,경부고속도로,공사,상행,1,비,47,1.23,1,35.46114,126.97294
2024-04-15 11:19:00,동해고속도로,차량고장,하행,0,안개,98,0.0,0,37.26744,128.9196
2024-04-16 07:36:00,서해안고속도로,차량고장,상행,1,비,59,1.11,1,35.24402,128.08572
2024-04-16 13:30:00,중부고속도로,기상악화,하행,0,흐림,152,0.0,0,34.89364,127.41604
2024-04-16 15:22:00,통영대전고속도로,공사,하행,2,흐림,47,1.392,1,37.974,126.97475
2024-04-16 16:16:00,서해안고속도로,공사,하행,2,눈,179,2.96,2,37.15918,127.30127
2024-04-16 17:10:00,영동고속도로,공사,상행,0,안개,45,0.0,0,35.12572,127.63877
2024-04-16 17:53:00,동해고속도로,공사,하행,0,맑음,44,0.0,0,35.86496,127.14156
2024-04-16 23:17:00,남해고속도로,공사,상행,2,맑음,70,1.36,1,35.1189,128.30956
2024-04-17 07:09:00,중앙고속도로,공사,하행,1,맑음,126,0.63,1,35.47955,127.88444
2024-04-18 09:20:00,동해고속도로,교통사고,상행,1,비,170,0.735,1,36.94356,128.09585
2024-04-18 22:45:00,경부고속도로,차량고장,하행,1,비,83,1.23,1,35.71077,129.40414
2024-04-19 09:03:00,호남고속도로,낙하물,하행,1,비,166,0.825,1,34.83442,127.77906
2024-04-19 16:14:00,중앙고속도로,차량고장,하행,2,맑음,68,1.26,1,35.52922,128.86895
2024-04-20 11:37:00,동해고속도로,공사,상행,1,안개,159,0.882,1,37.27239,128.42425
2024-04-20 13:05:00,경부고속도로,차량고장,하행,0,비,106,0.0,0,36.72747,128.61439
2024-04-20 20:05:00,경부고속도로,차량고장,하행,0,맑음,15,0.0,0,36.71145,127.58016
2024-04-21 08:50:00,남해고속도로,차량고장,하행,1,맑음,86,0.68,1,34.51398,128.14823
2024-04-21 15:18:00,경부고속도로,기상악화,하행,1,비,165,1.23,1,35.77545,128.16159
2024-04-21 18:24:00,서해안고속도로,교통사고,상행,2,맑음,166,1.48,1,37.1748,128.71559
2024-04-22 07:36:00,동해고속도로,공사,상행,0,맑음,95,0.0,0,37.91634,127.67384
2024-04-22 10:19:00,중부고속도로,교통사고,하행,2,흐림,71,1.464,1,38.36695,126.88561
2024-04-22 19:45:00,남해고속도로,낙하물,상행,2,맑음,138,1.36,1,35.05361,126.53701
2024-04-23 07:34:00,서해안고속도로,공사,하행,1,맑음,138,0.74,1,35.26016,128.61112
2024-04-23 19:08:00,서해안고속도로,공사,하행,1,흐림,31,0.888,1,36.58368,129.36746
2024-04-24 09:22:00,서해안고속도로,기상악화,하행,0,안개,145,0.0,0,36.27862,129.46014
2024-04-25 07:22:00,통영대전고속도로,교통사고,하행,3,눈,62,3.48,2,38.31587,129.23874
2024-04-25 16:45:00,통영대전고속도로,교통사고,상행,2,흐림,171,1.392,1,35.48725,128.33648
2024-04-25 18:37:00,영동고속도로,기상악화,하행,0,맑음,120,0.0,0,35.16719,129.39336
2024-04-25 18:44:00,중부고속도로,교통사고,상행,1,흐림,104,0.732,1,34.66293,127.85734
2024-04-25 19:08:00,중부고속도로,공사,하행,0,흐림,68,0.0,0,35.31888,127.16366
2024-04-26 12:13:00,동해고속도로,공사,하행,0,맑음,27,0.0,0,36.92391,128.36456
2024-04-26 18:05:00,경부고속도로,공사,하행,0,흐림,123,0.0,0,36.05303,126.7393
2024-04-27 11:16:00,서해안고속도로,기상악화,하행,1,안개,46,1.332,1,36.24544,128.16012
2024-04-28 07:39:00,중부고속도로,기상악화,상행,2,맑음,108,1.22,1,37.25523,128.30267
2024-04-28 17:30:00,중부고속도로,교통사고,상행,2,맑음,45,1.22,1,36.72285,127.71334
2024-04-28 19:30:00,영동고속도로,공사,상행,1,맑음,118,0.77,1,35.98601,128.85811
2024-05-01 07:41:00,동해고속도로,공사,상행,1,안개,137,0.882,1,37.05339,128.30557
2024-05-02 13:15:00,광주대구고속도로,공사,상행,1,안개,82,0.936,1,35.46603,127.29298
2024-05-02 16:47:00,동해고속도로,교통사고,하행,1,맑음,125,0.49,0,34.74339,128.87195
2024-05-02 19:46:00,중부고속도로,차량고장,상행,0,맑음,64,0.0,0,37.10354,129.07019
2024-05-03 08:49:00,경부고속도로,교통사고,상행,0,눈,64,0.0,0,37.48692,126.64658
2024-05-03 21:04:00,남해고속도로,교통사고,상행,0,흐림,30,0.0,0,35.90833,126.9983
2024-05-04 04:52:00,영동고속도로,공사,상행,0,안개,77,0.0,0,37.57902,128.92714
2024-05-04 16:12:00,경부고속도로,기상악화,하행,1,안개,127,1.476,1,38.36059,126.53074
2024-05-04 17:55:00,영동고속도로,교통사고,상행,1,안개,144,1.386,1,36.46333,129.06023
2024-05-04 18:43:00,광주대구고속도로,교통사고,하행,0,비,43,0.0,0,35.04585,129.46599
2024-05-04 18:47:00,통영대전고속도로,교통사고,상행,0,비,107,0.0,0,37.88616,127.45138
2024-05-05 12:31:00,남해고속도로,교통사고,하행,0,흐림,103,0.0,0,37.95261,127.34087
2024-05-05 19:05:00,통영대전고속도로,공사,상행,1,맑음,95,0.58,1,37.47147,129.20575
2024-05-06 07:44:00,중앙고속도로,교통사고,하행,0,흐림,67,0.0,0,34.64425,127.77367
2024-05-06 12:35:00,경부고속도로,차량고장,하행,0,흐림,32,0.0,0,34.83935,128.74127
2024-05-06 14:24:00,중부고속도로,교통사고,상행,2,비,125,1.83,2,37.9801,127.56354
2024-05-06 15:34:00,광주대구고속도로,교통사고,상행,1,눈,47,1.04,1,35.63213,128.39588
2024-05-06 18:49:00,중부고속도로,교통사고,하행,1,맑음,38,0.61,1,35.63626,129.05599
2024-05-07 07:49:00,서해안고속도로,교통사고,하행,0,맑음,162,0.0,0,36.77375,127.21828
2024-05-09 16:43:00,호남고속도로,교통사고,하행,0,안개,84,0.0,0,37.53422,128.86122
2024-05-10 02:06:00,호남고속도로,교통사고,하행,1,안개,119,0.99,1,34.88305,129.31193
2024-05-10 09:34:00,경부고속도로,교통사고,상행,1,안개,64,1.476,1,36.30427,129.34119
2024-05-10 19:34:00,광주대구고속도로,교통사고,상행,1,눈,13,1.04,1,38.40845,127.57784
2024-05-11 18:57:00,서해안고속도로,기상악화,상행,1,흐림,145,0.888,1,36.23031,128.6538
2024-05-11 20:57:00,중부고속도로,교통사고,하행,0,비,35,0.0,0,36.74739,127.02712
2024-05-11 21:47:00,중부고속도로,교통사고,상행,0,안개,28,0.0,0,36.21245,129.35366
2024-05-11 23:05:00,중부고속도로,낙하물,하행,0,맑음,137,0.0,0,34.55014,128.74625
2024-05-12 07:08:00,영동고속도로,교통사고,상행,0,맑음,131,0.0,0,35.94849,127.65066
2024-05-13 13:36:00,영동고속도로,교통사고,상행,0,비,132,0.0,0,38.47636,127.70216
2024-05-13 16:36:00,중앙고속도로,교통사고,하행,2,흐림,14,1.512,2,37.35149,126.65286
2024-05-13 16:47:00,동해고속도로,공사,하행,1,안개,116,0.882,1,34.70267,128.47391
2024-05-13 18:24:00,영동고속도로,교통사고,하행,0,비,58,0.0,0,35.00154,129.0067
2024-05-13 20:19:00,중부고속도로,기상악화,하행,0,안개,48,0.0,0,36.61127,129.39674
2024-05-13 21:21:00,중앙고속도로,교통사고,하행,0,비,13,0.0,0,35.51661,127.28243
2024-05-14 03:15:00,광주대구고속도로,교통사고,상행,0,맑음,92,0.0,0,36.17357,127.88632
2024-05-14 07:44:00,동해고속도로,교통사고,하행,2,맑음,117,0.98,1,37.31772,126.68549
2024-05-14 13:59:00,중앙고속도로,교통사고,상행,1,안개,131,1.134,1,35.41893,128.46771
2024-05-14 14:33:00,동해고속도로,교통사고,상행,1,안개,66,0.882,1,36.40195,126.56496
2024-05-15 07:16:00,동해고속도로,차량고장,상행,1,비,19,0.735,1,35.27935,129.22087
2024-05-15 09:12:00,중부고속도로,기상악화,하행,1,맑음,42,0.61,1,34.68172,128.77053
2024-05-15 17:25:00,서해안고속도로,교통사고,상행,2,맑음,13,1.48,1,35.02725,128.46044
2024-05-16 07:14:00,광주대구고속도로,낙하물,하행,1,안개,143,0.936,1,37.85346,128.93063
2024-05-16 11:34:00,통영대전고속도로,낙하물,하행,0,비,177,0.0,0,38.37422,127.3147
2024-05-16 16:21:00,남해고속도로,공사,하행,2,비,107,2.04,2,38.25025,127.64576
2024-05-17 07:02:00,동해고속도로,교통사고,하행,0,맑음,108,0.0,0,36.2097,126.90791
2024-05-17 07:45:00,영동고속도로,교통사고,하행,1,흐림,111,0.924,1,37.25735,127.57038
2024-05-17 14:51:00,통영대전고속도로,공사,하행,1,맑음,109,0.58,1,35.80543,128.6429
2024-05-18 11:30:00,영동고속도로,공사,하행,0,눈,33,0.0,0,36.92789,127.13001
2024-05-18 12:15:00,경부고속도로,교통사고,하행,1,안개,104,1.476,1,37.2719,126.54264
2024-05-18 20:24:00,중앙고속도로,공사,하행,2,흐림,47,1.512,2,35.4236,127.69747
2024-05-19 07:45:00,영동고속도로,교통사고,상행,1,맑음,152,0.77,1,36.2991,128.57266
2024-05-20 09:05:00,통영대전고속도로,공사,하행,0,맑음,117,0.0,0,37.31527,128.44845
2024-05-21 08:57:00,호남고속도로,공사,하행,1,맑음,51,0.55,1,37.82827,126.6099
2024-05-21 09:10:00,호남고속도로,기상악화,하행,3,비,151,2.475,2,36.06882,127.24628
2024-05-21 18:08:00,서해안고속도로,기상악화,하행,0,비,97,0.0,0,36.54175,128.63521
2024-05-22 07:19:00,중앙고속도로,공사,상행,1,흐림,122,0.756,1,38.19524,128.35991
2024-05-22 09:13:00,호남고속도로,차량고장,하행,1,맑음,12,0.55,1,37.69491,127.39742
2024-05-22 11:26:00,영동고속도로,교통사고,상행,0,맑음,73,0.0,0,36.07101,127.16505
2024-05-22 13:50:00,광주대구고속도로,교통사고,상행,1,안개,49,0.936,1,34.5697,128.11206
2024-05-23 07:30:00,영동고속도로,교통사고,하행,1,맑음,72,0.77,1,38.46708,126.56313
2024-05-23 08:57:00,서해안고속도로,차량고장,하행,0,맑음,115,0.0,0,38.05084,129.24916
2024-05-23 09:44:00,동해고속도로,공사,상행,2,맑음,64,0.98,1,36.30512,127.36463
2024-05-23 09:46:00,중부고속도로,기상악화,하행,3,맑음,31,1.83,2,38.42392,128.82084
2024-05-23 19:50:00,광주대구고속도로,공사,상행,0,맑음,20,0.0,0,36.8903,127.37251
2024-05-24 07:36:00,영동고속도로,교통사고,하행,1,맑음,48,0.77,1,35.53534,127.44223
2024-05-24 08:16:00,경부고속도로,공사,상행,2,흐림,157,1.968,2,34.63829,128.84154
2024-05-24 08:40:00,중앙고속도로,공사,상행,1,맑음,10,0.63,1,34.82594,129.2586
2024-05-25 14:43:00,통영대전고속도로,낙하물,하행,1,비,45,0.87,1,36.49953,128.73282
2024-05-26 12:27:00,남해고속도로,교통사고,하행,0,흐림,166,0.0,0,38.0029,129.41918
2024-05-27 07:08:00,경부고속도로,공사,상행,3,맑음,21,2.46,2,38.13173,126.50287
2024-05-27 14:06:00,남해고속도로,교통사고,상행,1,흐림,153,0.816,1,36.19903,127.58471
2024-05-27 17:30:00,동해고속도로,교통사고,상행,1,비,60,0.735,1,35.13945,128.04609
2024-05-27 17:43:00,경부고속도로,공사,하행,0,흐림,159,0.0,0,34.64156,128.88997
2024-05-28 18:15:00,중부고속도로,공사,하행,0,맑음,98,0.0,0,34.50965,126.51692
2024-05-28 19:05:00,경부고속도로,교통사고,상행,0,맑음,80,0.0,0,34.9725,129.19133
2024-06-01 08:14:00,서해안고속도로,차량고장,상행,1,맑음,28,0.74,1,35.99921,127.61338
2024-06-01 17:20:00,동해고속도로,차량고장,상행,0,맑음,86,0.0,0,37.61701,128.66848
2024-06-02 07:12:00,광주대구고속도로,교통사고,하행,0,흐림,122,0.0,0,36.59854,129.44661
2024-06-03 07:50:00,호남고속도로,공사,상행,2,안개,156,1.98,2,36.63921,127.42691
2024-06-03 09:31:00,서해안고속도로,교통사고,상행,2,맑음,27,1.48,1,37.91622,128.62526
2024-06-04 12:56:00,동해고속도로,낙하물,상행,0,흐림,86,0.0,0,37.88314,128.11049
2024-06-05 07:24:00,통영대전고속도로,교통사고,하행,2,맑음,48,1.16,1,37.00408,127.31259
2024-06-05 17:26:00,중앙고속도로,공사,상행,1,맑음,30,0.63,1,35.93093,127.48472
2024-06-06 13:32:00,경부고속도로,교통사고,상행,2,흐림,114,1.968,2,36.21165,127.98922
2024-06-06 14:43:00,동해고속도로,공사,하행,0,맑음,114,0.0,0,37.96497,127.57339
2024-06-06 20:25:00,호남고속도로,공사,상행,3,맑음,113,1.65,2,36.03658,129.0408
2024-06-07 17:54:00,남해고속도로,공사,상행,1,비,127,1.02,1,36.46644,127.77678
2024-06-07 19:29:00,중부고속도로,교통사고,하행,2,비,178,1.83,2,37.06029,128.48053
2024-06-07 22:33:00,동해고속도로,기상악화,하행,2,비,94,1.47,1,36.4933,129.20472
2024-06-08 17:20:00,광주대구고속도로,교통사고,하행,0,맑음,159,0.0,0,35.65963,126.66154
2024-06-08 18:37:00,중앙고속도로,낙하물,상행,0,맑음,79,0.0,0,37.67553,127.17123
2024-06-09 07:38:00,호남고속도로,낙하물,하행,0,맑음,177,0.0,0,34.67658,128.89068
2024-06-09 09:44:00,남해고속도로,교통사고,하행,2,맑음,118,1.36,1,38.34886,128.13131
2024-06-09 13:28:00,동해고속도로,교통사고,하행,1,흐림,69,0.588,1,35.25723,128.62466
2024-06-09 15:40:00,경부고속도로,교통사고,상행,1,맑음,162,0.82,1,34.99264,128.00683
2024-06-10 04:17:00,광주대구고속도로,공사,하행,1,비,105,0.78,1,35.32438,128.64183
2024-06-11 14:04:00,남해고속도로,교통사고,하행,0,흐림,37,0.0,0,34.93961,129.10532
2024-06-14 00:03:00,남해고속도로,교통사고,상행,0,맑음,118,0.0,0,36.89428,129.33964
2024-06-14 10:44:00,남해고속도로,차량고장,상행,0,안개,59,0.0,0,38.33946,127.55156
2024-06-15 08:57:00,남해고속도로,교통사고,상행,3,맑음,11,2.04,2,38.33045,128.49676
2024-06-15 17:23:00,서해안고속도로,공사,상행,1,맑음,121,0.74,1,34.57203,128.04279
2024-06-15 18:52:00,남해고속도로,공사,하행,0,눈,107,0.0,0,36.1477,127.11827
2024-06-17 08:44:00,경부고속도로,교통사고,상행,1,안개,52,1.476,1,34.55899,128.02251
2024-06-17 09:17:00,통영대전고속도로,공사,상행,2,맑음,124,1.16,1,36.45496,127.18966
2024-06-17 18:59:00,동해고속도로,교통사고,하행,0,비,159,0.0,0,36.89475,128.65445
2024-06-18 18:22:00,서해안고속도로,공사,하행,1,맑음,67,0.74,1,36.34082,127.01959
2024-06-19 07:40:00,광주대구고속도로,공사,하행,1,비,87,0.78,1,37.86231,128.51731
2024-06-19 12:02:00,광주대구고속도로,교통사고,하행,1,맑음,105,0.52,1,37.66126,127.67725
2024-06-19 15:15:00,영동고속도로,공사,하행,0,맑음,89,0.0,0,36.23276,128.23566
2024-06-20 02:16:00,남해고속도로,교통사고,하행,1,맑음,103,0.68,1,35.74553,127.96745
2024-06-20 17:21:00,영동고속도로,교통사고,상행,2,눈,71,3.08,2,37.32596,128.57008
2024-06-20 20:49:00,서해안고속도로,차량고장,하행,1,눈,78,1.48,1,37.26361,127.08695
2024-06-20 22:36:00,남해고속도로,교통사고,하행,1,맑음,124,0.68,1,37.42864,128.12625
2024-06-21 02:02:00,중부고속도로,교통사고,하행,0,흐림,55,0.0,0,37.02721,128.3486
2024-06-21 11:36:00,중부고속도로,교통사고,상행,0,안개,16,0.0,0,35.04879,128.06414
2024-06-22 13:04:00,중부고속도로,공사,상행,0,흐림,117,0.0,0,36.73517,128.29599
2024-06-22 17:17:00,통영대전고속도로,교통사고,상행,0,비,19,0.0,0,36.24034,127.88257
2024-06-23 00:27:00,경부고속도로,교통사고,상행,1,비,17,1.23,1,36.29475,127.66714
2024-06-23 11:32:00,호남고속도로,낙하물,하행,1,흐림,82,0.66,1,34.76031,129.27885
2024-06-23 13:58:00,통영대전고속도로,낙하물,하행,1,맑음,42,0.58,1,38.13991,127.16348
2024-06-24 08:52:00,영동고속도로,차량고장,상행,2,흐림,171,1.848,2,36.03062,128.30835
2024-06-24 18:19:00,통영대전고속도로,공사,하행,1,비,44,0.87,1,34.59008,126.81523
2024-06-25 23:01:00,중부고속도로,교통사고,상행,1,맑음,89,0.61,1,37.26039,129.13729
2024-06-26 08:27:00,중앙고속도로,교통사고,하행,1,맑음,29,0.63,1,37.95539,126.60338
2024-06-26 15:24:00,서해안고속도로,교통사고,하행,0,비,169,0.0,0,37.53046,129.37166
2024-06-27 16:56:00,중부고속도로,공사,상행,0,흐림,160,0.0,0,36.19451,128.47026
2024-06-27 21:39:00,서해안고속도로,교통사고,하행,0,맑음,100,0.0,0,34.88352,128.14566
2024-06-28 07:17:00,중부고속도로,공사,하행,1,흐림,100,0.732,1,38.06312,127.48437
2024-06-28 08:27:00,남해고속도로,교통사고,상행,1,맑음,35,0.68,1,36.02394,127.65297
2024-06-28 08:50:00,광주대구고속도로,공사,하행,0,눈,131,0.0,0,36.33979,129.09158
2024-06-28 12:55:00,광주대구고속도로,교통사고,하행,0,안개,154,0.0,0,36.21757,127.60743
2024-06-28 16:21:00,중부고속도로,공사,상행,0,맑음,84,0.0,0,36.80006,129.03949
2024-06-28 17:11:00,서해안고속도로,공사,하행,1,비,37,1.11,1,35.32267,127.0904
2024-06-28 18:56:00,경부고속도로,공사,상행,0,흐림,125,0.0,0,36.9915,126.51555
2024-07-01 02:45:00,동해고속도로,차량고장,하행,2,흐림,39,1.176,1,35.6552,128.44571
2024-07-01 07:58:00,호남고속도로,낙하물,상행,0,눈,34,0.0,0,38.41692,127.06468
2024-07-01 17:09:00,영동고속도로,교통사고,상행,1,비,136,1.155,1,38.40803,129.3846
2024-07-01 17:34:00,서해안고속도로,공사,상행,1,흐림,161,0.888,1,34.51578,127.59424
2024-07-01 17:39:00,경부고속도로,교통사고,상행,0,맑음,17,0.0,0,37.92125,126.66377
2024-07-02 03:24:00,동해고속도로,공사,상행,3,안개,58,2.646,2,34.76525,127.50155
2024-07-02 19:52:00,통영대전고속도로,기상악화,하행,1,비,81,0.87,1,35.74555,126.67809
2024-07-03 11:37:00,동해고속도로,공사,하행,1,안개,150,0.882,1,34.70138,128.20177
2024-07-04 06:50:00,중부고속도로,교통사고,상행,0,안개,39,0.0,0,37.89834,129.21865
2024-07-04 07:37:00,호남고속도로,기상악화,하행,2,맑음,133,1.1,1,34.67783,127.67865
2024-07-04 18:33:00,동해고속도로,교통사고,하행,1,눈,36,0.98,1,37.92463,126.82615
2024-07-04 18:34:00,호남고속도로,공사,하행,1,안개,14,0.99,1,35.97449,127.98176
2024-07-04 19:19:00,중부고속도로,교통사고,하행,0,맑음,39,0.0,0,37.26769,126.52151
2024-07-04 23:07:00,영동고속도로,낙하물,상행,1,안개,146,1.386,1,37.71798,127.93664
2024-07-05 11:08:00,동해고속도로,공사,상행,1,흐림,176,0.588,1,37.31855,127.58352
2024-07-05 13:45:00,남해고속도로,공사,하행,1,맑음,75,0.68,1,35.10674,126.54493
2024-07-05 20:54:00,광주대구고속도로,교통사고,상행,2,맑음,17,1.04,1,38.45694,127.4425
2024-07-05 22:49:00,경부고속도로,낙하물,상행,1,흐림,131,0.984,1,36.90131,128.45557
2024-07-06 17:49:00,중부고속도로,공사,상행,0,흐림,15,0.0,0,35.84779,127.19819
2024-07-07 13:39:00,영동고속도로,기상악화,상행,0,눈,20,0.0,0,35.12938,128.25092
2024-07-08 05:04:00,서해안고속도로,교통사고,상행,1,흐림,84,0.888,1,37.79317,127.07028
2024-07-10 18:08:00,영동고속도로,교통사고,하행,2,안개,157,2.772,2,37.85455,128.22311
2024-07-10 22:07:00,광주대구고속도로,공사,상행,1,비,44,0.78,1,38.32755,129.21664
2024-07-11 06:18:00,중앙고속도로,공사,하행,2,맑음,56,1.26,1,37.70151,129.37112
2024-07-11 08:18:00,남해고속도로,교통사고,하행,0,비,84,0.0,0,36.60038,128.30954
2024-07-11 09:05:00,남해고속도로,공사,상행,0,눈,144,0.0,0,38.45908,128.72615
2024-07-11 16:00:00,서해안고속도로,교통사고,상행,1,맑음,117,0.74,1,36.37457,127.09086
2024-07-13 09:25:00,남해고속도로,낙하물,상행,1,맑음,51,0.68,1,36.52332,129.18914
2024-07-13 15:58:00,동해고속도로,교통사고,하행,1,흐림,139,0.588,1,38.0663,126.78769
2024-07-13 16:12:00,동해고속도로,교통사고,하행,0,맑음,16,0.0,0,35.82966,128.08535
2024-07-13 19:48:00,영동고속도로,교통사고,상행,2,눈,152,3.08,2,34.74246,128.44522
2024-07-13 20:12:00,호남고속도로,낙하물,하행,1,안개,92,0.99,1,34.81418,128.22621
2024-07-13 23:33:00,광주대구고속도로,교통사고,하행,0,눈,175,0.0,0,34.87338,129.49958
2024-07-16 07:11:00,중부고속도로,교통사고,하행,1,비,104,0.915,1,35.63719,127.57519
2024-07-16 08:02:00,경부고속도로,교통사고,하행,1,눈,95,1.64,2,38.00663,126.98698
2024-07-17 18:43:00,경부고속도로,공사,상행,0,맑음,71,0.0,0,38.226,129.22737
2024-07-17 18:54:00,호남고속도로,공사,상행,1,흐림,60,0.66,1,36.10567,127.47427
2024-07-18 05:42:00,동해고속도로,공사,상행,0,안개,138,0.0,0,36.36683,127.07558
2024-07-18 18:12:00,남해고속도로,차량고장,하행,0,비,148,0.0,0,38.27106,129.36357
2024-07-19 06:08:00,중앙고속도로,교통사고,상행,3,맑음,71,1.89,2,36.42877,128.25207
2024-07-19 13:38:00,영동고속도로,기상악화,상행,1,안개,36,1.386,1,36.01403,126.52034
2024-07-20 05:52:00,통영대전고속도로,공사,상행,2,비,60,1.74,2,34.89314,127.50091
2024-07-20 09:00:00,경부고속도로,공사,하행,0,맑음,161,0.0,0,34.5673,129.15263
2024-07-21 00:27:00,동해고속도로,낙하물,하행,2,흐림,54,1.176,1,34.78798,128.42677
2024-07-22 14:56:00,경부고속도로,교통사고,상행,1,맑음,75,0.82,1,34.99178,128.42714
2024-07-23 07:54:00,중앙고속도로,공사,상행,1,흐림,48,0.756,1,36.4983,127.26835
2024-07-23 12:02:00,서해안고속도로,낙하물,하행,0,비,159,0.0,0,38.35409,127.47737
2024-07-23 19:10:00,영동고속도로,공사,하행,0,맑음,70,0.0,0,36.90993,128.11354
2024-07-24 01:08:00,동해고속도로,차량고장,하행,2,맑음,96,0.98,1,35.34242,127.87575
2024-07-24 07:19:00,남해고속도로,공사,상행,1,맑음,79,0.68,1,36.76366,129.27976
2024-07-24 11:51:00,중부고속도로,공사,상행,2,안개,109,2.196,2,37.14264,127.21978
2024-07-25 18:09:00,광주대구고속도로,공사,상행,3,안개,140,2.808,2,35.81271,129.06743
2024-07-25 18:28:00,남해고속도로,교통사고,상행,1,비,108,1.02,1,35.31769,127.51839
2024-07-25 19:22:00,남해고속도로,기상악화,하행,0,흐림,179,0.0,0,37.67279,126.89201
2024-07-26 07:40:00,통영대전고속도로,낙하물,상행,0,맑음,51,0.0,0,36.52262,126.89643
2024-07-26 21:17:00,광주대구고속도로,교통사고,하행,0,맑음,20,0.0,0,36.14461,127.40899
2024-07-27 07:21:00,중부고속도로,차량고장,하행,1,흐림,11,0.732,1,37.45537,128.98
2024-07-27 07:53:00,경부고속도로,기상악화,상행,1,안개,141,1.476,1,34.52168,129.23641
2024-07-27 11:20:00,광주대구고속도로,교통사고,하행,0,비,122,0.0,0,36.96503,128.03003
2024-07-27 16:37:00,서해안고속도로,기상악화,상행,0,안개,64,0.0,0,35.04661,128.07989
2024-07-27 18:11:00,경부고속도로,기상악화,하행,0,안개,112,0.0,0,37.10497,129.4125
2024-07-28 16:11:00,경부고속도로,교통사고,하행,1,맑음,57,0.82,1,34.50167,128.28371
2024-08-01 19:51:00,남해고속도로,교통사고,상행,0,안개,56,0.0,0,34.86468,129.38704
2024-08-02 08:44:00,남해고속도로,차량고장,하행,0,눈,77,0.0,0,37.13624,126.85016
2024-08-02 21:59:00,영동고속도로,교통사고,상행,0,비,44,0.0,0,37.85915,126.88383
2024-08-02 22:01:00,동해고속도로,공사,하행,1,비,155,0.735,1,36.53799,126.78547
2024-08-03 04:28:00,서해안고속도로,교통사고,하행,1,눈,148,1.48,1,37.66987,126.52899
2024-08-03 07:40:00,호남고속도로,공사,상행,0,비,80,0.0,0,38.17708,128.70411
2024-08-03 08:21:00,남해고속도로,교통사고,하행,2,맑음,126,1.36,1,36.14634,128.74919
2024-08-03 15:48:00,영동고속도로,교통사고,하행,0,흐림,21,0.0,0,36.72388,128.18729
2024-08-04 00:06:00,동해고속도로,공사,하행,1,맑음,114,0.49,0,37.17792,128.07135
2024-08-04 17:28:00,광주대구고속도로,교통사고,하행,1,눈,85,1.04,1,34.67589,129.24211
2024-08-05 09:57:00,호남고속도로,공사,하행,0,맑음,165,0.0,0,38.33517,128.921
2024-08-05 10:24:00,서해안고속도로,교통사고,하행,0,맑음,68,0.0,0,36.72209,129.16387
2024-08-05 12:49:00,중부고속도로,교통사고,상행,0,맑음,63,0.0,0,38.05402,129.24063
2024-08-05 19:36:00,경부고속도로,공사,상행,1,흐림,107,0.984,1,37.39163,127.60091
2024-08-06 02:09:00,영동고속도로,공사,하행,0,맑음,126,0.0,0,36.63714,128.9458
2024-08-06 06:19:00,광주대구고속도로,낙하물,하행,2,맑음,31,1.04,1,37.24759,127.76037
2024-08-06 09:33:00,서해안고속도로,교통사고,상행,2,흐림,56,1.776,2,38.48667,127.51775
2024-08-06 23:03:00,중앙고속도로,공사,상행,1,맑음,68,0.63,1,36.57197,126.66332
2024-08-06 23:33:00,중부고속도로,교통사고,하행,0,맑음,17,0.0,0,35.34734,128.37008
2024-08-07 04:42:00,동해고속도로,공사,상행,2,맑음,116,0.98,1,36.51866,128.73706
2024-08-07 07:55:00,광주대구고속도로,교통사고,하행,1,흐림,144,0.624,1,35.93382,126.85758
2024-08-07 13:48:00,경부고속도로,공사,상행,1,비,110,1.23,1,36.11257,129.21727
2024-08-08 07:26:00,경부고속도로,차량고장,하행,1,흐림,131,0.984,1,34.94296,126.92108
2024-08-08 19:37:00,남해고속도로,낙하물,하행,1,비,151,1.02,1,38.37565,127.77741
2024-08-09 14:12:00,광주대구고속도로,낙하물,하행,1,맑음,87,0.52,1,37.32295,127.27656
2024-08-09 18:26:00,경부고속도로,공사,상행,0,눈,115,0.0,0,37.77302,128.95683
2024-08-09 23:44:00,경부고속도로,교통사고,하행,1,흐림,34,0.984,1,34.60558,127.78627
2024-08-10 17:58:00,서해안고속도로,교통사고,상행,3,안개,41,3.996,2,37.04045,127.15229
2024-08-11 04:54:00,영동고속도로,교통사고,하행,1,비,169,1.155,1,34.96717,129.08373
2024-08-11 08:35:00,남해고속도로,기상악화,하행,0,흐림,174,0.0,0,34.95781,126.58067
2024-08-11 13:35:00,중앙고속도로,공사,하행,1,비,61,0.945,1,36.53186,127.07925
2024-08-11 16:55:00,통영대전고속도로,기상악화,상행,0,맑음,117,0.0,0,37.54251,128.30285
2024-08-12 02:51:00,남해고속도로,공사,상행,2,흐림,179,1.632,2,36.55479,127.1727
2024-08-12 03:18:00,남해고속도로,공사,상행,1,흐림,111,0.816,1,36.78215,127.68798
2024-08-14 13:34:00,통영대전고속도로,교통사고,하행,1,맑음,69,0.58,1,35.07834,126.92378
2024-08-14 17:08:00,통영대전고속도로,공사,하행,1,비,40,0.87,1,35.40097,127.72331
2024-08-15 15:36:00,서해안고속도로,공사,하행,2,맑음,51,1.48,1,37.85452,128.39775
2024-08-15 17:18:00,경부고속도로,교통사고,하행,1,눈,38,1.64,2,35.0334,127.97812
2024-08-16 15:06:00,광주대구고속도로,공사,상행,2,비,37,1.56,2,35.37834,129.29073
2024-08-18 12:28:00,중부고속도로,공사,하행,1,맑음,138,0.61,1,38.13917,127.06018
2024-08-18 16:41:00,중부고속도로,차량고장,하행,1,맑음,158,0.61,1,36.30899,128.33634
2024-08-18 22:21:00,경부고속도로,차량고장,상행,1,흐림,169,0.984,1,35.01724,127.00061
2024-08-19 04:43:00,영동고속도로,교통사고,상행,0,안개,175,0.0,0,36.15464,129.06272
2024-08-19 09:06:00,남해고속도로,기상악화,하행,0,흐림,129,0.0,0,34.88431,127.75262
2024-08-19 09:40:00,광주대구고속도로,교통사고,하행,0,흐림,124,0.0,0,37.35737,128.96358
2024-08-19 13:17:00,중앙고속도로,교통사고,하행,2,비,101,1.89,2,35.63825,128.40852
2024-08-20 18:27:00,중앙고속도로,교통사고,하행,0,맑음,88,0.0,0,37.91659,129.35016
2024-08-20 18:49:00,경부고속도로,낙하물,상행,1,맑음,114,0.82,1,36.04682,127.54797
2024-08-21 20:53:00,호남고속도로,공사,상행,1,맑음,152,0.55,1,36.41607,126.85718
2024-08-21 21:12:00,서해안고속도로,공사,하행,0,비,14,0.0,0,37.20902,128.99752
2024-08-22 00:18:00,중앙고속도로,공사,상행,0,흐림,163,0.0,0,38.49807,129.0663
2024-08-22 14:41:00,중앙고속도로,교통사고,하행,0,안개,130,0.0,0,34.87945,128.15236
2024-08-23 07:54:00,서해안고속도로,차량고장,하행,2,맑음,12,1.48,1,37.49733,129.33499
2024-08-24 03:16:00,광주대구고속도로,교통사고,하행,0,비,49,0.0,0,36.61128,127.09442
2024-08-24 04:19:00,광주대구고속도로,공사,하행,2,맑음,142,1.04,1,36.87487,127.41075
2024-08-24 11:39:00,동해고속도로,교통사고,하행,3,흐림,139,1.764,2,35.21219,126.68811
2024-08-25 17:10:00,중부고속도로,공사,하행,0,맑음,75,0.0,0,34.67256,128.15011
2024-08-26 11:49:00,중부고속도로,차량고장,상행,2,맑음,55,1.22,1,35.19331,126.70188
2024-08-26 15:37:00,동해고속도로,교통사고,상행,1,안개,107,0.882,1,37.49993,129.42963
2024-08-26 22:32:00,중앙고속도로,차량고장,하행,1,안개,73,1.134,1,37.774,127.12976
2024-08-27 12:02:00,중부고속도로,공사,하행,2,맑음,110,1.22,1,36.96505,126.69126
2024-08-27 21:33:00,서해안고속도로,낙하물,하행,0,맑음,11,0.0,0,37.98796,127.80925
2024-08-28 04:46:00,영동고속도로,기상악화,상행,0,눈,100,0.0,0,37.63143,126.90688
2024-08-28 07:27:00,중앙고속도로,기상악화,상행,2,흐림,93,1.512,2,36.52763,127.59373
2024-08-28 07:55:00,남해고속도로,공사,하행,1,맑음,107,0.68,1,36.19007,128.65078
2024-08-28 13:05:00,통영대전고속도로,공사,상행,0,흐림,43,0.0,0,36.92883,129.25508
2024-09-02 09:48:00,경부고속도로,공사,상행,0,맑음,35,0.0,0,37.4397,126.89818
2024-09-02 16:39:00,광주대구고속도로,공사,상행,2,흐림,95,1.248,1,35.95754,128.873
2024-09-02 19:54:00,경부고속도로,차량고장,상행,2,비,80,2.46,2,36.62992,129.02102
2024-09-03 05:23:00,중부고속도로,낙하물,상행,0,맑음,78,0.0,0,37.7435,127.17931
2024-09-03 19:31:00,호남고속도로,낙하물,하행,1,맑음,56,0.55,1,35.09377,127.34012
2024-09-04 02:22:00,중부고속도로,교통사고,하행,1,맑음,98,0.61,1,37.43282,129.17107
2024-09-04 08:30:00,동해고속도로,교통사고,상행,0,흐림,148,0.0,0,38.01212,127.32549
2024-09-04 18:45:00,경부고속도로,교통사고,상행,1,맑음,121,0.82,1,35.61544,127.20478
2024-09-05 15:20:00,경부고속도로,낙하물,상행,0,맑음,58,0.0,0,35.48131,127.71991
2024-09-05 17:19:00,경부고속도로,차량고장,하행,2,흐림,58,1.968,2,35.59627,127.13463
2024-09-06 08:02:00,영동고속도로,공사,하행,1,흐림,67,0.924,1,36.02795,126.5165
2024-09-06 08:06:00,통영대전고속도로,차량고장,하행,1,맑음,51,0.58,1,37.60957,127.39499
2024-09-06 11:39:00,남해고속도로,교통사고,하행,1,안개,112,1.224,1,38.39333,128.70634
2024-09-06 12:42:00,서해안고속도로,교통사고,상행,0,맑음,66,0.0,0,35.04588,128.19044
2024-09-06 16:12:00,경부고속도로,차량고장,상행,0,비,28,0.0,0,37.01292,126.6451
2024-09-06 16:12:00,호남고속도로,차량고장,상행,0,흐림,121,0.0,0,35.9982,126.8717
2024-09-07 08:08:00,호남고속도로,차량고장,하행,0,흐림,70,0.0,0,35.18655,129.20519
2024-09-07 09:58:00,통영대전고속도로,공사,상행,2,눈,162,2.32,2,37.7726,126.82438
2024-09-07 14:24:00,서해안고속도로,교통사고,하행,3,맑음,58,2.22,2,36.58595,128.21571
2024-09-08 04:05:00,동해고속도로,공사,상행,0,흐림,90,0.0,0,35.13971,127.96688
2024-09-08 17:28:00,호남고속도로,교통사고,하행,2,눈,102,2.2,2,35.13241,128.3
2024-09-09 16:19:00,동해고속도로,교통사고,상행,0,흐림,142,0.0,0,35.49809,127.46114
2024-09-10 16:00:00,호남고속도로,차량고장,하행,3,비,105,2.475,2,35.39076,127.38077
2024-09-10 18:32:00,경부고속도로,교통사고,상행,2,맑음,90,1.64,2,35.29368,127.45057
2024-09-11 09:28:00,통영대전고속도로,낙하물,하행,1,맑음,140,0.58,1,34.96011,128.62959
2024-09-11 12:29:00,중부고속도로,기상악화,하행,1,눈,70,1.22,1,36.31328,128.60631
2024-09-11 14:31:00,경부고속도로,공사,상행,2,맑음,47,1.64,2,37.36082,128.79496
2024-09-11 19:03:00,영동고속도로,공사,상행,0,비,19,0.0,0,35.71584,127.48106
2024-09-12 07:02:00,통영대전고속도로,기상악화,상행,1,맑음,164,0.58,1,35.86974,128.69213
2024-09-12 07:43:00,경부고속도로,공사,상행,1,눈,111,1.64,2,38.46412,128.8071
2024-09-12 10:01:00,광주대구고속도로,기상악화,하행,0,흐림,129,0.0,0,35.09802,127.43416
2024-09-12 12:35:00,남해고속도로,기상악화,상행,1,흐림,160,0.816,1,35.86682,128.02616
2024-09-13 07:35:00,남해고속도로,공사,상행,3,안개,99,3.672,2,38.03966,127.01161
2024-09-13 07:37:00,남해고속도로,교통사고,하행,0,맑음,95,0.0,0,36.19583,127.06798
2024-09-13 11:00:00,경부고속도로,교통사고,하행,2,맑음,153,1.64,2,36.32935,129.22501
2024-09-13 16:51:00,중부고속도로,기상악화,상행,1,맑음,133,0.61,1,35.16815,129.38587
2024-09-14 08:29:00,영동고속도로,교통사고,하행,2,맑음,152,1.54,2,37.75121,128.96019
2024-09-14 10:11:00,서해안고속도로,교통사고,하행,2,흐림,46,1.776,2,36.00767,128.11545
2024-09-15 12:47:00,통영대전고속도로,기상악화,상행,0,눈,62,0.0,0,35.93605,127.75225
2024-09-16 00:01:00,중부고속도로,공사,상행,0,맑음,116,0.0,0,34.53385,129.42838
2024-09-16 12:15:00,통영대전고속도로,차량고장,하행,1,비,84,0.87,1,34.97543,128.49198
2024-09-16 18:36:00,영동고속도로,차량고장,하행,2,눈,179,3.08,2,36.22319,128.61549
2024-09-16 19:01:00,서해안고속도로,교통사고,상행,1,안개,96,1.332,1,38.16664,127.62156
2024-09-16 23:38:00,호남고속도로,교통사고,상행,0,비,134,0.0,0,36.38816,127.84491
2024-09-17 19:03:00,영동고속도로,공사,상행,0,흐림,79,0.0,0,37.00441,126.81746
2024-09-17 19:14:00,동해고속도로,차량고장,상행,0,비,99,0.0,0,37.49969,126.84674
2024-09-18 09:26:00,중앙고속도로,공사,상행,3,맑음,154,1.89,2,35.56642,126.56722
2024-09-20 09:24:00,영동고속도로,낙하물,상행,1,흐림,135,0.924,1,35.40478,126.63026
2024-09-20 23:20:00,서해안고속도로,교통사고,상행,0,맑음,91,0.0,0,36.40799,127.04058
2024-09-21 07:17:00,중앙고속도로,교통사고,하행,1,비,82,0.945,1,37.16918,128.11312
2024-09-21 13:30:00,서해안고속도로,교통사고,상행,1,흐림,148,0.888,1,37.78294,127.56891
2024-09-21 23:22:00,호남고속도로,교통사고,하행,0,눈,74,0.0,0,38.06922,128.14045
2024-09-22 09:39:00,서해안고속도로,교통사고,상행,1,눈,72,1.48,1,37.87892,128.58735
2024-09-22 13:55:00,경부고속도로,교통사고,하행,1,흐림,110,0.984,1,37.3952,129.22412
2024-09-22 15:36:00,광주대구고속도로,공사,하행,1,맑음,88,0.52,1,38.3082,128.71962
2024-09-22 18:59:00,중앙고속도로,기상악화,상행,2,흐림,73,1.512,2,37.85192,128.61076
2024-09-23 19:00:00,호남고속도로,교통사고,하행,1,눈,48,1.1,1,35.80796,128.47908
2024-09-24 18:50:00,중부고속도로,공사,하행,2,흐림,66,1.464,1,37.72488,127.13837
2024-09-25 18:13:00,서해안고속도로,교통사고,상행,0,흐림,129,0.0,0,35.31157,128.64677
2024-09-26 15:43:00,동해고속도로,교통사고,하행,1,비,111,0.735,1,37.40046,128.22171
2024-09-26 20:42:00,동해고속도로,차량고장,하행,1,흐림,141,0.588,1,36.325,129.19684
2024-09-27 13:00:00,호남고속도로,교통사고,하행,2,맑음,104,1.1,1,35.51819,128.89224
2024-09-27 16:59:00,중앙고속도로,낙하물,상행,2,흐림,23,1.512,2,34.54055,127.51426
2024-09-28 00:04:00,남해고속도로,교통사고,상행,0,비,133,0.0,0,36.56556,126.52614
2024-09-28 13:57:00,통영대전고속도로,기상악화,하행,1,흐림,83,0.696,1,35.12683,127.98222
2024-10-02 01:17:00,호남고속도로,교통사고,하행,1,안개,173,0.99,1,36.90448,128.88792
2024-10-02 06:41:00,광주대구고속도로,교통사고,하행,3,맑음,48,1.56,2,35.0162,128.89413
2024-10-02 12:04:00,영동고속도로,낙하물,상행,1,맑음,31,0.77,1,37.52949,128.65598
2024-10-02 17:55:00,광주대구고속도로,교통사고,상행,0,맑음,27,0.0,0,36.35128,127.47528
2024-10-03 11:39:00,남해고속도로,교통사고,하행,0,맑음,72,0.0,0,37.68427,126.63663
2024-10-04 09:01:00,영동고속도로,교통사고,상행,1,맑음,129,0.77,1,37.96096,129.36658
2024-10-04 20:35:00,영동고속도로,교통사고,상행,1,흐림,110,0.924,1,35.76899,127.38729
2024-10-04 23:58:00,동해고속도로,기상악화,상행,2,비,129,1.47,1,38.00963,127.70839
2024-10-05 22:35:00,남해고속도로,기상악화,하행,1,흐림,168,0.816,1,38.0439,126.55865
2024-10-05 23:37:00,남해고속도로,차량고장,하행,1,맑음,54,0.68,1,35.27873,128.31952
2024-10-06 08:11:00,광주대구고속도로,낙하물,상행,0,흐림,22,0.0,0,35.23196,127.55042
2024-10-06 08:47:00,통영대전고속도로,교통사고,상행,1,흐림,121,0.696,1,34.64882,126.75589
2024-10-06 17:54:00,호남고속도로,차량고장,상행,1,맑음,120,0.55,1,37.97683,129.29514
2024-10-07 09:07:00,서해안고속도로,차량고장,상행,1,흐림,18,0.888,1,35.58393,128.51384
2024-10-07 12:32:00,경부고속도로,공사,하행,1,비,105,1.23,1,37.79794,128.80645
2024-10-08 05:55:00,호남고속도로,교통사고,상행,1,비,64,0.825,1,37.23485,128.86027
2024-10-08 17:00:00,남해고속도로,교통사고,상행,0,비,93,0.0,0,35.60288,127.28177
2024-10-09 07:17:00,동해고속도로,교통사고,하행,0,맑음,82,0.0,0,34.83316,128.90548
2024-10-09 15:19:00,통영대전고속도로,교통사고,상행,0,안개,113,0.0,0,36.44688,128.05282
2024-10-10 07:51:00,동해고속도로,교통사고,하행,0,눈,11,0.0,0,34.76542,128.36703
2024-10-10 09:45:00,광주대구고속도로,교통사고,하행,1,흐림,127,0.624,1,36.9438,126.67329
2024-10-10 13:09:00,호남고속도로,기상악화,하행,0,맑음,56,0.0,0,35.77136,127.00711
2024-10-10 19:38:00,광주대구고속도로,공사,상행,0,눈,104,0.0,0,38.3759,126.64245
2024-10-11 10:35:00,동해고속도로,교통사고,상행,0,맑음,64,0.0,0,35.91124,128.87124
2024-10-11 13:25:00,호남고속도로,교통사고,하행,0,눈,30,0.0,0,35.36392,129.43932
2024-10-11 17:14:00,중앙고속도로,교통사고,하행,3,흐림,111,2.268,2,37.89661,128.98679
2024-10-11 18:06:00,영동고속도로,교통사고,상행,0,비,13,0.0,0,34.92242,126.54104
2024-10-13 06:05:00,중부고속도로,낙하물,상행,3,맑음,131,1.83,2,37.14213,128.00868
2024-10-14 09:11:00,중부고속도로,공사,하행,0,맑음,31,0.0,0,36.88735,128.96793
2024-10-14 12:24:00,통영대전고속도로,낙하물,상행,1,맑음,130,0.58,1,38.17369,128.64593
2024-10-14 13:08:00,동해고속도로,공사,상행,0,안개,80,0.0,0,36.99906,126.93768
2024-10-15 11:35:00,경부고속도로,차량고장,상행,2,맑음,155,1.64,2,35.11077,128.09405
2024-10-15 11:38:00,중부고속도로,교통사고,상행,0,비,174,0.0,0,37.54028,127.00381
2024-10-15 15:39:00,동해고속도로,차량고장,하행,0,맑음,165,0.0,0,38.00175,127.32839
2024-10-15 17:21:00,중부고속도로,교통사고,하행,0,안개,86,0.0,0,35.52647,128.71179
2024-10-16 14:21:00,중앙고속도로,공사,상행,1,맑음,151,0.63,1,34.54898,129.45168
2024-10-18 09:18:00,경부고속도로,공사,하행,3,흐림,119,2.952,2,35.89633,129.19471
2024-10-18 09:53:00,남해고속도로,교통사고,하행,1,눈,141,1.36,1,38.27116,126.71777
2024-10-18 15:09:00,남해고속도로,교통사고,하행,0,맑음,87,0.0,0,35.12565,128.40256
2024-10-19 18:03:00,호남고속도로,낙하물,상행,0,맑음,43,0.0,0,38.02466,128.01125
2024-10-21 19:41:00,경부고속도로,차량고장,상행,2,비,36,2.46,2,36.77669,127.97921
2024-10-22 07:36:00,영동고속도로,공사,하행,2,흐림,28,1.848,2,36.20218,128.18365
2024-10-22 14:37:00,통영대전고속도로,공사,하행,1,맑음,92,0.58,1,35.61776,128.73133
2024-10-23 07:07:00,남해고속도로,교통사고,하행,2,맑음,169,1.36,1,37.09639,127.02095
2024-10-23 11:39:00,남해고속도로,교통사고,하행,2,흐림,118,1.632,2,35.99636,129.22355
2024-10-23 19:07:00,서해안고속도로,기상악화,하행,2,흐림,142,1.776,2,36.89912,128.69349
2024-10-24 12:51:00,남해고속도로,교통사고,하행,1,비,17,1.02,1,36.60346,126.66391
2024-10-24 13:23:00,호남고속도로,낙하물,하행,1,맑음,155,0.55,1,37.51244,127.57048
2024-10-25 03:06:00,영동고속도로,공사,상행,0,맑음,31,0.0,0,36.05778,127.19063
2024-10-25 07:41:00,통영대전고속도로,교통사고,하행,1,눈,121,1.16,1,36.86433,127.37946
2024-10-25 08:35:00,경부고속도로,차량고장,상행,1,흐림,124,0.984,1,38.17434,128.5429
2024-10-25 19:25:00,영동고속도로,공사,하행,3,눈,83,4.62,2,34.89982,128.46166
2024-10-25 22:08:00,서해안고속도로,공사,상행,0,맑음,61,0.0,0,36.29783,126.55908
2024-10-26 06:45:00,영동고속도로,차량고장,상행,3,비,153,3.465,2,36.31003,127.93719
2024-10-26 07:15:00,경부고속도로,차량고장,하행,1,흐림,164,0.984,1,35.64999,127.22443
2024-10-26 09:58:00,동해고속도로,교통사고,상행,0,흐림,16,0.0,0,36.539,126.80137
2024-10-27 01:21:00,호남고속도로,차량고장,상행,2,흐림,117,1.32,1,34.61228,128.6234
2024-10-27 07:11:00,동해고속도로,공사,하행,0,비,140,0.0,0,35.55166,127.80245
2024-10-27 15:57:00,동해고속도로,교통사고,상행,1,비,157,0.735,1,36.83195,129.34977
2024-10-28 02:52:00,광주대구고속도로,교통사고,하행,0,흐림,50,0.0,0,35.48764,128.62025
2024-10-28 07:09:00,광주대구고속도로,교통사고,하행,2,맑음,52,1.04,1,37.7043,129.34215
2024-10-28 18:52:00,통영대전고속도로,기상악화,상행,1,눈,143,1.16,1,36.92558,128.96838
2024-11-01 12:55:00,통영대전고속도로,낙하물,하행,2,맑음,50,1.16,1,37.8838,128.25318
2024-11-01 17:17:00,영동고속도로,공사,상행,1,맑음,23,0.77,1,37.00086,127.58799
2024-11-02 16:00:00,서해안고속도로,교통사고,상행,2,흐림,108,1.776,2,38.27724,128.97012
2024-11-03 17:35:00,중앙고속도로,교통사고,상행,1,맑음,97,0.63,1,35.49071,127.23015
2024-11-04 17:15:00,영동고속도로,교통사고,하행,0,맑음,146,0.0,0,38.36697,128.95131
2024-11-04 18:43:00,경부고속도로,교통사고,하행,2,맑음,67,1.64,2,37.06725,129.47796
2024-11-04 21:12:00,경부고속도로,낙하물,상행,0,비,28,0.0,0,35.89278,128.25906
2024-11-05 07:28:00,영동고속도로,공사,상행,1,흐림,79,0.924,1,36.50853,129.3605
2024-11-05 09:15:00,남해고속도로,교통사고,하행,0,맑음,156,0.0,0,34.71724,127.32003
2024-11-05 10:19:00,호남고속도로,교통사고,상행,1,맑음,59,0.55,1,35.55382,128.59061
2024-11-05 17:28:00,서해안고속도로,교통사고,상행,1,맑음,35,0.74,1,35.54402,127.60515
2024-11-05 21:25:00,광주대구고속도로,교통사고,하행,1,흐림,99,0.624,1,37.44392,128.38673
2024-11-06 12:26:00,광주대구고속도로,차량고장,상행,0,맑음,136,0.0,0,38.26853,127.29296
2024-11-06 15:01:00,서해안고속도로,교통사고,상행,1,흐림,28,0.888,1,35.39987,129.15198
2024-11-06 19:34:00,광주대구고속도로,교통사고,상행,0,흐림,96,0.0,0,36.04413,129.24904
2024-11-07 05:21:00,동해고속도로,교통사고,하행,0,맑음,18,0.0,0,36.50686,128.85059
2024-11-07 09:10:00,광주대구고속도로,낙하물,하행,0,비,103,0.0,0,37.50843,128.35403
2024-11-07 16:31:00,중앙고속도로,기상악화,상행,0,맑음,79,0.0,0,37.59015,128.17544
2024-11-07 21:16:00,호남고속도로,낙하물,상행,1,흐림,122,0.66,1,36.31314,127.63031
2024-11-08 09:27:00,경부고속도로,교통사고,하행,2,맑음,57,1.64,2,36.72668,126.57215
2024-11-08 17:39:00,경부고속도로,낙하물,상행,2,흐림,61,1.968,2,34.96592,127.46534
2024-11-09 11:22:00,남해고속도로,교통사고,상행,1,맑음,50,0.68,1,34.58254,129.42127
2024-11-09 20:45:00,호남고속도로,교통사고,하행,1,흐림,104,0.66,1,37.38385,129.40122
2024-11-10 16:01:00,경부고속도로,낙하물,하행,0,맑음,150,0.0,0,35.56953,127.45824
2024-11-11 08:35:00,중부고속도로,공사,상행,1,안개,91,1.098,1,35.04429,127.27296
2024-11-11 20:44:00,광주대구고속도로,기상악화,하행,1,맑음,143,0.52,1,37.68407,127.29047
2024-11-12 07:37:00,영동고속도로,공사,하행,0,맑음,114,0.0,0,35.38446,128.22682
2024-11-12 18:39:00,동해고속도로,낙하물,하행,1,맑음,121,0.49,0,37.07749,127.50631
2024-11-13 04:14:00,중앙고속도로,공사,상행,2,안개,134,2.268,2,36.67075,126.76139
2024-11-13 19:03:00,통영대전고속도로,공사,상행,1,비,24,0.87,1,34.98958,127.83137
2024-11-14 05:10:00,서해안고속도로,차량고장,하행,2,흐림,19,1.776,2,35.21748,127.70752
2024-11-14 07:05:00,남해고속도로,공사,하행,1,맑음,143,0.68,1,37.73274,127.14507
2024-11-14 10:16:00,광주대구고속도로,기상악화,하행,0,안개,51,0.0,0,36.71359,128.10366
2024-11-14 14:38:00,경부고속도로,교통사고,상행,1,안개,37,1.476,1,37.66675,127.19607
2024-11-15 12:40:00,통영대전고속도로,교통사고,상행,0,안개,177,0.0,0,35.61991,126.89025
2024-11-15 18:03:00,중앙고속도로,기상악화,하행,0,맑음,147,0.0,0,38.15937,127.86893
2024-11-15 18:29:00,영동고속도로,기상악화,상행,1,맑음,147,0.77,1,38.02321,128.79641
2024-11-15 18:54:00,호남고속도로,교통사고,상행,1,눈,111,1.1,1,37.38649,127.29295
2024-11-15 22:26:00,호남고속도로,교통사고,상행,1,비,12,0.825,1,36.32394,128.35521
2024-11-16 08:57:00,광주대구고속도로,교통사고,상행,1,흐림,92,0.624,1,36.05414,128.84584
2024-11-16 18:55:00,중부고속도로,낙하물,상행,0,눈,92,0.0,0,38.17911,127.64847
2024-11-17 21:20:00,서해안고속도로,공사,하행,2,흐림,75,1.776,2,34.95373,128.06653
2024-11-18 09:48:00,통영대전고속도로,교통사고,상행,1,눈,31,1.16,1,35.017,128.92535
2024-11-18 16:32:00,중부고속도로,교통사고,상행,1,맑음,37,0.61,1,36.38815,126.7377
2024-11-18 16:34:00,중부고속도로,교통사고,하행,1,안개,86,1.098,1,36.07973,129.20818
2024-11-19 14:30:00,경부고속도로,교통사고,상행,0,맑음,93,0.0,0,37.59198,128.09396
2024-11-20 07:23:00,중부고속도로,교통사고,하행,0,흐림,166,0.0,0,38.14354,127.36968
2024-11-20 09:19:00,동해고속도로,교통사고,하행,0,흐림,176,0.0,0,36.33394,128.09759
2024-11-23 08:02:00,영동고속도로,공사,하행,0,흐림,19,0.0,0,34.84656,127.12451
2024-11-23 09:31:00,중부고속도로,교통사고,하행,2,눈,67,2.44,2,35.14435,127.6229
2024-11-23 15:53:00,광주대구고속도로,교통사고,하행,1,눈,77,1.04,1,35.81677,128.43187
2024-11-23 19:25:00,영동고속도로,교통사고,하행,0,안개,117,0.0,0,37.55068,129.15724
2024-11-23 21:02:00,광주대구고속도로,교통사고,하행,1,흐림,29,0.624,1,37.06476,128.66921
2024-11-24 13:21:00,통영대전고속도로,교통사고,상행,0,흐림,153,0.0,0,35.03668,127.20012
2024-11-24 15:34:00,호남고속도로,차량고장,하행,1,맑음,159,0.55,1,37.88504,127.81815
2024-11-24 23:10:00,광주대구고속도로,교통사고,하행,0,맑음,17,0.0,0,36.49467,128.81848
2024-11-25 13:49:00,동해고속도로,차량고장,하행,2,안개,117,1.764,2,37.12567,129.4804
2024-11-26 21:41:00,영동고속도로,기상악화,상행,0,안개,18,0.0,0,38.13121,129.01085
2024-11-26 22:15:00,호남고속도로,교통사고,하행,0,눈,89,0.0,0,35.08374,127.94811
2024-11-27 08:55:00,경부고속도로,공사,하행,0,맑음,77,0.0,0,37.8595,129.35884
2024-11-27 09:59:00,서해안고속도로,공사,하행,2,맑음,98,1.48,1,35.54469,128.49981
2024-11-27 11:35:00,중부고속도로,교통사고,하행,2,맑음,30,1.22,1,36.51989,127.63218
2024-11-27 15:11:00,호남고속도로,교통사고,상행,3,맑음,143,1.65,2,36.78193,127.48423
2024-11-27 15:37:00,중앙고속도로,교통사고,하행,0,맑음,60,0.0,0,35.48673,127.35516
2024-11-27 17:14:00,통영대전고속도로,공사,하행,0,흐림,11,0.0,0,36.53684,126.8914
2024-12-01 15:38:00,중앙고속도로,기상악화,하행,0,맑음,169,0.0,0,35.7464,127.25318
2024-12-02 07:20:00,경부고속도로,기상악화,상행,0,맑음,65,0.0,0,36.235,129.19908
2024-12-02 09:46:00,서해안고속도로,교통사고,하행,0,비,66,0.0,0,34.70643,128.13601
2024-12-02 11:50:00,영동고속도로,공사,상행,0,흐림,158,0.0,0,37.87907,128.29424
2024-12-02 18:23:00,경부고속도로,낙하물,하행,2,맑음,22,1.64,2,36.21852,127.93296
2024-12-02 18:54:00,중부고속도로,차량고장,하행,0,맑음,30,0.0,0,37.53302,128.35396
2024-12-03 08:57:00,동해고속도로,교통사고,하행,1,맑음,83,0.49,0,35.5942,128.33262
2024-12-03 15:38:00,남해고속도로,교통사고,상행,0,맑음,149,0.0,0,34.77471,128.53362
2024-12-03 22:52:00,호남고속도로,낙하물,상행,0,비,44,0.0,0,35.0317,127.96966
2024-12-05 04:32:00,경부고속도로,공사,상행,2,맑음,103,1.64,2,38.13948,126.86094
2024-12-06 15:41:00,중부고속도로,교통사고,하행,2,흐림,71,1.464,1,34.60327,128.08949
2024-12-07 01:10:00,호남고속도로,교통사고,상행,0,흐림,137,0.0,0,37.59077,127.39784
2024-12-07 10:47:00,호남고속도로,교통사고,상행,1,맑음,96,0.55,1,37.9066,129.1329
2024-12-07 18:02:00,중부고속도로,기상악화,상행,0,맑음,173,0.0,0,37.91732,127.94618
2024-12-07 18:02:00,경부고속도로,차량고장,하행,2,흐림,54,1.968,2,36.73181,126.98219
2024-12-07 18:56:00,서해안고속도로,공사,하행,0,맑음,63,0.0,0,35.91965,126.5544
2024-12-07 19:25:00,통영대전고속도로,교통사고,상행,1,맑음,72,0.58,1,36.37796,127.76705
2024-12-08 11:48:00,영동고속도로,교통사고,상행,0,맑음,176,0.0,0,36.19691,128.45937
2024-12-09 19:20:00,호남고속도로,교통사고,하행,2,흐림,60,1.32,1,38.03413,128.21729
2024-12-10 13:02:00,광주대구고속도로,교통사고,상행,1,흐림,109,0.624,1,36.18299,126.80808
2024-12-10 18:27:00,중앙고속도로,낙하물,하행,0,맑음,69,0.0,0,37.734,126.81686
2024-12-11 03:07:00,호남고속도로,공사,상행,1,비,143,0.825,1,36.89658,128.31755
2024-12-12 09:00:00,경부고속도로,공사,하행,1,안개,124,1.476,1,37.37701,129.49307
2024-12-12 09:06:00,경부고속도로,기상악화,하행,1,맑음,11,0.82,1,36.59387,128.0002
2024-12-12 09:49:00,남해고속도로,공사,상행,0,맑음,128,0.0,0,37.10065,128.82169
2024-12-12 16:04:00,중앙고속도로,교통사고,하행,1,눈,108,1.26,1,38.29509,129.40726
2024-12-13 07:13:00,동해고속도로,공사,하행,1,안개,164,0.882,1,37.05763,127.84789
2024-12-13 09:53:00,통영대전고속도로,공사,상행,2,안개,50,2.088,2,35.4993,127.41379
2024-12-13 11:59:00,중앙고속도로,교통사고,상행,0,맑음,112,0.0,0,37.10952,128.19453
2024-12-13 12:02:00,서해안고속도로,교통사고,상행,1,눈,64,1.48,1,38.4191,128.73607
2024-12-13 17:47:00,영동고속도로,낙하물,하행,1,흐림,159,0.924,1,35.11249,129.46159
2024-12-14 06:01:00,동해고속도로,교통사고,하행,1,비,115,0.735,1,35.10368,128.63413
2024-12-14 06:12:00,통영대전고속도로,기상악화,상행,0,비,95,0.0,0,36.73804,127.9302
2024-12-14 09:52:00,경부고속도로,교통사고,상행,1,안개,169,1.476,1,35.47992,127.28155
2024-12-15 07:59:00,광주대구고속도로,교통사고,상행,0,맑음,56,0.0,0,35.89451,128.32584
2024-12-15 15:19:00,호남고속도로,교통사고,하행,0,맑음,115,0.0,0,37.65288,128.70483
2024-12-15 21:24:00,중부고속도로,기상악화,하행,1,흐림,44,0.732,1,35.68435,126.84646
2024-12-16 03:37:00,남해고속도로,교통사고,하행,0,맑음,40,0.0,0,38.02339,128.64648
2024-12-16 08:57:00,서해안고속도로,기상악화,상행,3,비,96,3.33,2,37.98434,128.17499
2024-12-16 09:41:00,남해고속도로,기상악화,하행,2,맑음,70,1.36,1,35.12205,129.15174
2024-12-16 19:17:00,경부고속도로,교통사고,상행,0,맑음,100,0.0,0,36.04069,129.44355
2024-12-17 13:46:00,영동고속도로,공사,상행,0,맑음,98,0.0,0,37.08074,128.10871
2024-12-17 17:21:00,중부고속도로,낙하물,하행,1,흐림,80,0.732,1,37.26133,126.77441
2024-12-18 09:25:00,중부고속도로,낙하물,상행,1,맑음,176,0.61,1,37.42659,129.1081
2024-12-18 14:53:00,남해고속도로,공사,상행,1,맑음,168,0.68,1,38.09337,129.27635
2024-12-19 09:26:00,통영대전고속도로,공사,상행,1,맑음,57,0.58,1,37.14227,128.79935
2024-12-19 12:44:00,중부고속도로,교통사고,하행,1,눈,174,1.22,1,36.26791,128.56116
2024-12-19 17:16:00,광주대구고속도로,공사,상행,1,흐림,12,0.624,1,35.26758,126.68867
2024-12-19 17:48:00,서해안고속도로,차량고장,상행,0,맑음,97,0.0,0,38.46953,129.15692
2024-12-19 19:59:00,중부고속도로,교통사고,하행,0,흐림,59,0.0,0,37.71883,128.28618
2024-12-20 12:23:00,광주대구고속도로,공사,상행,0,흐림,148,0.0,0,36.45974,127.1868
2024-12-21 06:19:00,서해안고속도로,교통사고,상행,0,안개,169,0.0,0,36.83206,126.98457
2024-12-21 11:01:00,중부고속도로,공사,상행,1,흐림,155,0.732,1,36.96631,129.24149
2024-12-21 12:36:00,중부고속도로,공사,상행,2,흐림,45,1.464,1,36.96789,126.98145
2024-12-21 16:23:00,통영대전고속도로,교통사고,상행,0,맑음,83,0.0,0,36.25271,127.05262
2024-12-22 11:41:00,중앙고속도로,공사,하행,1,맑음,38,0.63,1,36.29468,126.61055
2024-12-22 17:25:00,중부고속도로,기상악화,하행,1,흐림,176,0.732,1,35.56465,127.10546
2024-12-22 19:34:00,호남고속도로,교통사고,상행,0,비,38,0.0,0,36.3121,126.93716
2024-12-22 19:38:00,광주대구고속도로,기상악화,하행,3,안개,80,2.808,2,38.19197,129.13378
2024-12-23 09:35:00,서해안고속도로,차량고장,하행,2,맑음,158,1.48,1,37.4082,128.79141
2024-12-23 09:51:00,영동고속도로,낙하물,하행,0,눈,51,0.0,0,37.5932,128.6706
2024-12-24 14:00:00,중앙고속도로,교통사고,하행,0,맑음,130,0.0,0,37.8842,128.08488
2024-12-24 19:26:00,호남고속도로,교통사고,하행,1,맑음,111,0.55,1,35.30656,128.47652
2024-12-25 07:54:00,중앙고속도로,교통사고,상행,1,흐림,48,0.756,1,37.33768,126.942
2024-12-26 18:06:00,중부고속도로,공사,상행,0,맑음,29,0.0,0,37.29978,129.28682
2024-12-27 19:11:00,영동고속도로,공사,하행,0,맑음,133,0.0,0,36.07999,127.45787
2024-12-27 22:49:00,중부고속도로,교통사고,상행,2,흐림,141,1.464,1,35.05841,129.34242
2024-12-28 13:44:00,영동고속도로,교통사고,하행,2,안개,97,2.772,2,35.59443,128.92615
2024-12-28 20:21:00,동해고속도로,기상악화,하행,0,맑음,141,0.0,0,38.28715,128.30431
