일시,지점명,기온_℃,강수량_mm,적설량_cm,시정_km,풍속_m/s,습도_%,기상상태
2024-01-01 06:00:00,강릉,-2.5,0.0,0.0,7.89,0.0,55.0,흐림
2024-01-01 19:00:00,대구,3.9,0.0,0.0,8.31,0.5,85.0,맑음
2024-01-02 03:00:00,대전,-2.9,0.0,0.0,14.54,6.4,51.0,맑음
2024-01-02 15:00:00,대구,-7.1,3.0,0.0,15.61,2.2,100.0,비
2024-01-03 06:00:00,광주,6.7,11.5,0.0,13.27,3.3,93.0,비
2024-01-03 11:00:00,부산,3.4,0.0,0.0,16.59,0.7,39.0,맑음
2024-01-04 18:00:00,서울,2.2,13.9,0.0,13.9,0.9,80.0,비
2024-01-06 06:00:00,대전,-0.7,0.0,0.0,9.3,2.9,91.0,맑음
2024-01-08 12:00:00,광주,10.3,0.0,0.0,18.4,3.3,36.0,맑음
2024-01-10 03:00:00,서울,2.9,0.0,0.0,14.3,6.6,32.0,맑음
2024-01-10 12:00:00,청주,5.0,0.0,0.0,12.86,2.0,74.0,맑음
2024-01-11 08:00:00,수원,5.6,0.0,0.0,5.55,1.7,97.0,흐림
2024-01-11 12:00:00,부산,4.1,0.5,0.0,7.8,0.2,41.0,비
2024-01-11 14:00:00,서울,0.2,5.8,0.0,17.84,0.4,71.0,비
2024-01-13 07:00:00,청주,-1.3,0.0,0.0,19.47,1.5,89.0,맑음
2024-01-14 11:00:00,부산,5.3,0.0,0.0,8.06,5.0,44.0,흐림
2024-01-16 18:00:00,서울,3.3,0.0,0.0,13.83,1.6,67.0,흐림
2024-01-16 19:00:00,대구,-9.1,0.0,0.0,9.59,8.4,59.0,맑음
2024-01-16 20:00:00,청주,0.4,0.0,0.0,16.71,1.1,56.0,흐림
2024-01-16 20:00:00,대구,2.3,0.0,0.0,7.78,2.2,84.0,맑음
2024-01-17 01:00:00,서울,-1.6,0.0,0.0,17.33,3.4,95.0,맑음
2024-01-17 06:00:00,강릉,-3.4,0.0,0.0,5.19,1.3,60.0,맑음
2024-01-17 07:00:00,대전,-4.8,9.8,0.0,10.76,4.4,54.0,비
2024-01-17 19:00:00,부산,3.2,0.0,0.0,6.87,0.5,70.0,흐림
2024-01-18 23:00:00,광주,-1.6,0.0,0.0,9.74,1.4,49.0,맑음
2024-01-19 04:00:00,부산,5.1,0.0,0.0,10.24,3.4,76.0,흐림
2024-01-19 20:00:00,광주,6.4,0.0,0.0,16.0,9.5,94.0,맑음
2024-01-20 18:00:00,강릉,2.4,0.0,5.1,6.96,4.4,60.0,눈
2024-01-21 05:00:00,청주,0.1,6.5,0.8,7.35,0.4,40.0,눈
2024-01-21 08:00:00,대구,-1.6,0.0,0.0,10.73,7.1,67.0,맑음
2024-01-21 15:00:00,서울,-5.5,0.0,0.0,13.1,2.4,51.0,흐림
2024-01-25 06:00:00,서울,7.4,0.0,0.0,14.1,5.6,69.0,흐림
2024-01-26 03:00:00,광주,5.1,0.0,0.0,18.45,0.5,97.0,흐림
2024-01-27 04:00:00,수원,3.5,0.0,0.0,5.76,1.2,33.0,흐림
2024-01-27 17:00:00,광주,9.8,0.0,0.0,12.41,10.7,39.0,맑음
2024-01-28 09:00:00,수원,-6.5,0.0,0.0,11.56,2.1,38.0,맑음
2024-01-28 18:00:00,대구,2.7,0.0,0.0,18.95,2.5,79.0,맑음
2024-02-01 01:00:00,대전,-2.9,5.0,0.0,9.84,3.4,80.0,비
2024-02-02 06:00:00,수원,-2.7,0.0,0.0,15.41,2.7,77.0,흐림
2024-02-02 14:00:00,광주,13.4,0.0,0.0,5.74,7.9,78.0,맑음
2024-02-03 00:00:00,대구,10.1,0.0,0.0,11.07,1.4,82.0,흐림
2024-02-03 08:00:00,대전,-5.9,3.3,0.0,9.8,0.6,65.0,비
2024-02-03 11:00:00,서울,3.1,0.0,0.0,16.27,0.0,80.0,맑음
2024-02-05 12:00:00,청주,2.5,0.0,0.0,18.52,0.1,32.0,맑음
2024-02-06 14:00:00,수원,3.7,0.0,0.0,12.62,2.3,59.0,맑음
2024-02-07 09:00:00,부산,10.7,0.0,0.0,0.55,3.1,87.0,안개
2024-02-07 20:00:00,청주,-0.8,1.1,0.0,17.29,2.2,90.0,비
2024-02-10 01:00:00,부산,12.7,0.0,0.0,9.55,2.0,69.0,맑음
2024-02-11 08:00:00,부산,6.1,2.8,0.0,12.46,2.2,67.0,비
2024-02-12 12:00:00,서울,6.9,0.0,0.0,8.78,3.5,55.0,맑음
2024-02-13 08:00:00,수원,6.3,0.0,0.0,18.2,6.2,84.0,맑음
2024-02-13 13:00:00,수원,4.0,0.0,0.0,18.12,2.3,97.0,맑음
2024-02-15 09:00:00,서울,6.6,0.0,0.0,16.17,1.2,69.0,흐림
2024-02-15 15:00:00,강릉,8.8,0.0,0.0,15.34,2.0,88.0,흐림
2024-02-16 13:00:00,광주,-1.9,5.4,0.0,17.45,0.1,94.0,비
2024-02-17 09:00:00,대전,9.2,0.0,0.0,15.39,6.1,67.0,흐림
2024-02-17 12:00:00,대구,-6.5,0.0,0.0,9.69,2.5,95.0,흐림
2024-02-17 23:00:00,청주,5.8,0.0,0.0,0.21,1.8,58.0,안개
2024-02-18 08:00:00,대전,4.5,0.0,0.0,19.75,2.0,63.0,맑음
2024-02-19 10:00:00,수원,-3.8,0.0,0.0,10.77,6.0,45.0,흐림
2024-02-19 17:00:00,광주,0.7,0.0,0.0,15.35,1.7,48.0,맑음
2024-02-20 14:00:00,광주,-0.1,0.0,0.0,17.47,0.9,86.0,맑음
2024-02-21 12:00:00,대전,2.8,0.0,0.2,0.77,0.3,99.0,눈
2024-02-22 07:00:00,광주,1.9,0.0,0.0,9.14,1.1,70.0,흐림
2024-02-22 15:00:00,부산,8.0,0.4,1.0,16.37,1.9,86.0,눈
2024-02-22 18:00:00,부산,6.2,0.0,0.0,6.81,3.2,34.0,맑음
2024-02-22 21:00:00,부산,8.7,0.0,0.0,15.93,0.6,57.0,흐림
2024-02-24 02:00:00,서울,1.2,0.0,0.0,13.27,4.7,73.0,흐림
2024-02-25 14:00:00,대구,1.8,0.0,0.0,12.91,0.8,84.0,맑음
2024-02-26 05:00:00,광주,4.0,0.0,0.0,12.39,1.8,51.0,흐림
2024-02-27 23:00:00,대구,-0.1,0.0,0.0,10.87,2.5,39.0,맑음
2024-02-28 01:00:00,수원,5.6,0.0,0.0,19.84,3.9,58.0,맑음
2024-02-28 03:00:00,대전,-7.0,0.0,0.0,8.08,5.3,84.0,맑음
2024-02-28 12:00:00,대전,10.0,0.0,0.0,8.65,3.6,70.0,맑음
2024-03-01 06:00:00,대전,8.9,0.0,0.0,10.5,1.4,94.0,흐림
2024-03-01 19:00:00,대전,4.2,3.0,0.0,12.81,0.9,87.0,비
2024-03-02 09:00:00,서울,12.6,0.0,0.0,19.31,0.4,98.0,흐림
2024-03-02 18:00:00,대구,-0.7,0.0,0.0,8.31,1.4,45.0,흐림
2024-03-02 23:00:00,대구,12.8,5.8,0.0,7.46,5.5,91.0,비
2024-03-03 08:00:00,광주,11.3,0.0,0.0,0.54,1.2,40.0,안개
2024-03-04 03:00:00,강릉,15.2,0.0,0.0,13.77,2.8,58.0,흐림
2024-03-06 16:00:00,광주,-1.7,0.0,0.0,19.88,8.3,86.0,흐림
2024-03-06 21:00:00,대구,10.4,0.0,0.0,12.98,2.3,48.0,흐림
2024-03-08 00:00:00,대전,8.2,0.0,0.0,6.82,7.9,72.0,흐림
2024-03-08 12:00:00,광주,1.7,0.0,0.0,18.83,1.0,84.0,맑음
2024-03-11 01:00:00,부산,0.5,0.0,0.0,13.79,2.6,88.0,흐림
2024-03-13 00:00:00,서울,-0.6,0.0,0.0,0.9,1.1,68.0,안개
2024-03-13 05:00:00,광주,3.4,0.0,0.0,14.41,4.9,37.0,맑음
2024-03-14 03:00:00,강릉,1.4,0.0,0.0,0.78,4.4,50.0,안개
2024-03-15 21:00:00,대구,-0.3,0.0,0.0,5.23,0.4,98.0,맑음
2024-03-16 05:00:00,부산,2.1,1.0,0.0,7.88,0.6,51.0,비
2024-03-16 10:00:00,강릉,9.4,6.2,0.0,10.6,3.4,99.0,비
2024-03-16 21:00:00,강릉,11.9,0.0,0.0,0.44,1.3,36.0,안개
2024-03-17 15:00:00,청주,0.5,17.9,0.0,17.26,3.6,48.0,비
2024-03-18 00:00:00,서울,7.4,0.0,0.0,12.69,5.5,58.0,맑음
2024-03-18 03:00:00,부산,3.0,0.0,0.0,14.56,1.9,91.0,맑음
2024-03-18 10:00:00,청주,-3.7,0.0,0.0,15.98,0.8,58.0,흐림
2024-03-19 10:00:00,대전,18.8,0.0,0.0,6.7,0.5,64.0,맑음
2024-03-20 04:00:00,서울,-0.8,0.0,0.0,10.82,13.8,33.0,맑음
2024-03-21 05:00:00,부산,10.5,0.0,0.0,16.59,4.7,64.0,맑음
2024-03-22 09:00:00,대구,6.2,0.0,0.0,5.52,0.8,43.0,흐림
2024-03-23 08:00:00,서울,13.5,0.0,0.0,5.52,5.3,48.0,흐림
2024-03-23 20:00:00,서울,4.8,0.0,0.0,17.83,0.5,33.0,맑음
2024-03-24 12:00:00,강릉,8.0,6.3,0.0,9.55,2.9,41.0,비
2024-03-24 15:00:00,대전,0.6,0.0,0.0,8.33,1.9,92.0,흐림
2024-03-24 16:00:00,대전,15.8,0.0,0.0,15.97,1.9,35.0,흐림
2024-03-24 17:00:00,대전,7.1,0.2,0.0,11.39,10.5,79.0,비
2024-03-25 06:00:00,광주,9.5,0.0,0.0,15.49,0.1,94.0,맑음
2024-03-25 11:00:00,청주,2.5,0.0,0.0,0.94,2.9,50.0,안개
2024-03-25 20:00:00,수원,5.7,0.0,0.0,0.69,3.7,54.0,안개
2024-03-26 11:00:00,광주,9.7,0.0,0.0,16.0,0.2,56.0,흐림
2024-03-27 20:00:00,서울,14.9,0.0,0.0,12.27,5.1,82.0,흐림
2024-04-01 05:00:00,강릉,6.4,0.0,0.0,13.1,4.1,73.0,맑음
2024-04-03 06:00:00,수원,0.4,0.0,0.0,8.42,0.6,40.0,맑음
2024-04-03 08:00:00,강릉,6.7,0.0,0.0,12.86,2.8,87.0,맑음
2024-04-05 07:00:00,수원,8.3,0.0,0.0,17.56,1.5,76.0,맑음
2024-04-06 20:00:00,수원,-8.5,0.0,0.0,11.7,8.4,57.0,맑음
2024-04-06 21:00:00,청주,9.9,0.0,0.0,17.66,2.6,59.0,흐림
2024-04-07 05:00:00,광주,18.3,0.0,0.0,6.43,1.3,99.0,흐림
2024-04-07 15:00:00,대전,-1.5,0.0,0.0,12.64,0.1,62.0,맑음
2024-04-08 05:00:00,광주,3.9,0.0,0.0,16.57,5.6,41.0,맑음
2024-04-08 10:00:00,청주,5.4,0.0,0.0,18.11,0.0,93.0,맑음
2024-04-09 08:00:00,서울,11.5,0.0,0.0,18.08,0.0,79.0,맑음
2024-04-10 07:00:00,수원,5.1,0.0,0.0,11.79,6.9,69.0,맑음
2024-04-10 10:00:00,부산,13.9,0.0,0.0,15.57,1.6,71.0,맑음
2024-04-11 22:00:00,부산,10.5,0.0,0.0,5.63,1.5,30.0,맑음
2024-04-12 19:00:00,대전,3.3,0.0,0.0,8.99,2.0,96.0,맑음
2024-04-12 21:00:00,강릉,16.1,0.0,0.0,16.65,3.5,89.0,맑음
2024-04-15 14:00:00,대구,4.9,6.7,0.0,7.54,2.4,42.0,비
2024-04-15 18:00:00,대전,2.1,0.0,0.0,9.54,0.3,42.0,맑음
2024-04-16 12:00:00,대전,1.7,0.0,0.0,9.4,1.0,71.0,맑음
2024-04-16 19:00:00,청주,8.7,7.3,0.0,17.05,0.7,84.0,비
2024-04-17 05:00:00,대구,11.1,0.0,0.0,16.73,0.3,83.0,맑음
2024-04-17 06:00:00,부산,7.3,0.6,0.0,18.07,0.0,95.0,비
2024-04-17 10:00:00,강릉,14.1,0.0,0.0,9.4,6.4,64.0,맑음
2024-04-18 02:00:00,대구,10.1,3.2,0.0,6.99,2.4,90.0,비
2024-04-18 02:00:00,서울,14.2,0.0,0.0,8.45,0.3,67.0,맑음
2024-04-18 14:00:00,대구,11.9,0.0,0.0,10.92,2.0,96.0,맑음
2024-04-18 15:00:00,수원,10.5,0.0,0.0,14.43,4.9,91.0,맑음
2024-04-18 19:00:00,수원,10.9,0.0,0.0,10.96,1.6,36.0,흐림
2024-04-19 07:00:00,부산,1.3,0.0,0.0,16.38,4.4,80.0,흐림
2024-04-19 19:00:00,청주,10.7,0.0,0.0,14.99,0.6,51.0,맑음
2024-04-20 14:00:00,부산,2.0,0.0,0.0,7.97,2.0,92.0,맑음
2024-04-21 01:00:00,강릉,4.2,0.0,0.0,12.81,0.1,33.0,맑음
2024-04-21 09:00:00,서울,16.8,0.0,0.0,17.94,3.4,74.0,흐림
2024-04-22 02:00:00,강릉,6.5,0.0,0.0,18.18,3.4,34.0,맑음
2024-04-22 05:00:00,부산,6.3,0.0,0.0,12.31,3.4,78.0,맑음
2024-04-22 10:00:00,부산,8.3,0.0,0.0,9.01,2.5,82.0,맑음
2024-04-22 20:00:00,강릉,1.6,0.0,0.0,5.74,0.4,54.0,맑음
2024-04-23 03:00:00,부산,5.6,0.0,0.0,5.28,0.6,69.0,맑음
2024-04-23 14:00:00,청주,5.9,0.0,0.0,12.81,5.6,37.0,맑음
2024-04-25 13:00:00,부산,10.8,14.3,0.0,16.14,10.5,38.0,비
2024-04-26 01:00:00,서울,5.2,0.0,0.0,8.74,1.5,90.0,맑음
2024-04-28 08:00:00,대전,15.2,0.0,0.0,7.29,0.6,70.0,맑음
2024-05-01 02:00:00,강릉,20.0,0.0,0.0,13.33,7.7,57.0,흐림
2024-05-02 07:00:00,대전,15.9,0.0,0.0,17.48,7.5,92.0,흐림
2024-05-02 07:00:00,대전,15.1,0.0,0.0,16.28,1.1,49.0,맑음
2024-05-02 14:00:00,강릉,15.2,0.0,0.0,10.06,1.7,58.0,맑음
2024-05-02 18:00:00,광주,20.8,0.0,0.0,16.48,10.7,64.0,맑음
2024-05-02 21:00:00,부산,6.9,0.0,0.0,0.76,3.7,36.0,안개
2024-05-03 08:00:00,대전,7.9,0.0,0.0,12.73,2.4,94.0,맑음
2024-05-03 15:00:00,수원,6.8,0.0,0.0,16.07,1.9,39.0,맑음
2024-05-05 03:00:00,서울,12.6,0.0,0.0,15.0,1.3,97.0,맑음
2024-05-05 05:00:00,부산,3.0,0.0,0.0,13.73,4.9,87.0,맑음
2024-05-05 21:00:00,수원,12.7,0.0,0.0,15.73,4.9,72.0,맑음
2024-05-06 01:00:00,대구,19.7,0.0,0.0,11.99,4.3,77.0,맑음
2024-05-06 11:00:00,대구,8.6,0.0,0.0,5.84,3.0,85.0,흐림
2024-05-06 13:00:00,청주,17.4,1.1,0.0,7.3,2.0,96.0,비
2024-05-06 23:00:00,대구,12.2,0.0,0.0,14.03,3.0,45.0,맑음
2024-05-08 23:00:00,대전,2.2,0.0,0.0,19.36,2.4,87.0,흐림
2024-05-09 06:00:00,광주,13.7,0.0,0.0,13.73,2.7,93.0,흐림
2024-05-09 11:00:00,광주,12.5,0.0,0.0,9.67,4.1,72.0,흐림
2024-05-10 06:00:00,서울,6.4,0.0,0.0,7.8,2.4,70.0,흐림
2024-05-10 11:00:00,강릉,14.0,11.8,0.0,5.64,3.4,66.0,비
2024-05-12 00:00:00,광주,8.2,0.0,0.0,11.64,0.0,32.0,맑음
2024-05-12 05:00:00,서울,16.8,0.0,0.0,11.36,1.6,76.0,맑음
2024-05-12 14:00:00,광주,17.5,0.0,0.0,14.44,10.7,77.0,맑음
2024-05-16 16:00:00,부산,5.6,0.0,0.0,7.3,1.7,97.0,흐림
2024-05-16 22:00:00,대전,17.2,0.0,0.0,5.2,1.0,89.0,흐림
2024-05-18 08:00:00,광주,19.0,0.0,0.0,14.81,2.6,69.0,맑음
2024-05-18 13:00:00,청주,17.7,3.8,0.0,10.08,4.6,66.0,비
2024-05-18 22:00:00,대구,10.6,0.0,0.0,9.01,4.7,73.0,흐림
2024-05-22 17:00:00,강릉,4.6,0.0,0.0,15.07,1.6,55.0,흐림
2024-05-22 18:00:00,청주,18.7,16.2,0.0,7.42,6.1,88.0,비
2024-05-23 02:00:00,청주,8.7,0.0,0.0,11.11,0.8,46.0,맑음
2024-05-23 13:00:00,광주,16.6,0.0,0.0,17.42,8.2,47.0,맑음
2024-05-24 07:00:00,강릉,11.6,0.0,0.0,11.69,0.0,33.0,맑음
2024-05-24 16:00:00,광주,10.9,0.1,0.0,9.29,2.7,55.0,비
2024-05-25 06:00:00,서울,1.1,0.0,0.0,18.61,0.3,92.0,맑음
2024-05-25 21:00:00,부산,7.9,0.0,0.0,16.45,0.6,67.0,맑음
2024-05-27 11:00:00,강릉,12.2,0.0,0.0,13.01,2.5,91.0,흐림
2024-05-27 15:00:00,서울,11.1,0.0,0.0,5.03,7.1,61.0,맑음
2024-06-01 06:00:00,부산,12.7,0.0,0.0,6.77,0.9,66.0,맑음
2024-06-01 06:00:00,수원,14.3,0.0,0.0,12.28,0.6,79.0,맑음
2024-06-01 06:00:00,강릉,14.8,0.0,0.0,10.97,0.3,91.0,맑음
2024-06-02 20:00:00,수원,14.7,0.0,0.0,13.52,11.5,54.0,맑음
2024-06-04 02:00:00,광주,15.0,0.0,0.0,17.52,3.9,69.0,맑음
2024-06-06 10:00:00,강릉,13.2,0.0,0.0,6.3,0.9,51.0,맑음
2024-06-06 19:00:00,대구,10.5,0.1,0.0,17.45,6.1,31.0,비
2024-06-08 03:00:00,수원,14.8,0.0,0.0,15.16,0.7,58.0,맑음
2024-06-08 09:00:00,강릉,12.9,0.0,0.0,0.31,1.3,92.0,안개
2024-06-09 04:00:00,대전,12.0,0.0,0.0,16.22,1.4,54.0,흐림
2024-06-10 18:00:00,강릉,19.5,0.0,0.0,16.66,2.2,72.0,맑음
2024-06-11 10:00:00,대전,13.4,0.0,0.0,18.16,2.7,43.0,맑음
2024-06-11 12:00:00,광주,16.6,1.0,0.0,6.73,0.5,82.0,비
2024-06-12 20:00:00,대구,14.3,0.0,0.0,9.67,0.9,61.0,흐림
2024-06-13 14:00:00,청주,11.5,1.0,0.0,10.77,4.1,50.0,비
2024-06-13 19:00:00,대구,11.0,0.4,0.0,16.29,0.3,88.0,비
2024-06-14 00:00:00,대전,14.9,0.0,0.0,6.25,0.5,57.0,흐림
2024-06-14 18:00:00,서울,16.3,0.0,0.0,6.12,3.2,71.0,맑음
2024-06-15 13:00:00,부산,8.5,0.0,0.0,16.78,1.5,88.0,맑음
2024-06-15 19:00:00,청주,23.7,0.0,0.0,0.73,0.6,52.0,안개
2024-06-15 20:00:00,광주,12.2,0.0,0.0,15.85,0.7,35.0,맑음
2024-06-15 21:00:00,서울,7.2,0.0,0.0,14.63,4.9,93.0,맑음
2024-06-16 16:00:00,대구,5.4,0.0,0.0,6.45,1.4,69.0,맑음
2024-06-16 18:00:00,부산,18.7,0.0,0.0,9.57,1.2,98.0,흐림
2024-06-16 22:00:00,강릉,15.7,0.0,0.0,0.62,2.9,67.0,안개
2024-06-17 18:00:00,강릉,10.8,0.0,0.0,10.34,6.8,57.0,맑음
2024-06-19 17:00:00,수원,24.4,6.5,0.0,8.29,0.4,68.0,비
2024-06-20 08:00:00,청주,9.0,0.0,0.0,10.88,5.0,69.0,맑음
2024-06-20 09:00:00,서울,9.1,0.0,0.0,12.2,2.8,57.0,흐림
2024-06-22 13:00:00,청주,25.2,0.0,0.0,7.82,2.1,40.0,맑음
2024-06-22 16:00:00,수원,12.1,0.0,0.0,6.98,0.9,36.0,흐림
2024-06-24 03:00:00,대전,9.5,0.0,0.0,0.84,3.5,81.0,안개
2024-06-24 11:00:00,대구,17.4,0.0,0.0,18.39,2.9,68.0,맑음
2024-06-24 12:00:00,광주,2.3,0.0,0.0,12.73,0.6,93.0,맑음
2024-06-25 16:00:00,서울,22.4,0.0,0.0,9.99,2.0,95.0,맑음
2024-06-26 04:00:00,수원,8.7,0.0,0.0,12.83,2.3,65.0,맑음
2024-06-26 11:00:00,대전,11.2,0.0,0.0,9.11,0.6,51.0,흐림
2024-06-26 12:00:00,수원,13.8,0.0,0.0,19.77,1.3,56.0,맑음
2024-06-26 17:00:00,대전,7.7,0.0,0.0,6.5,0.3,59.0,맑음
2024-06-27 02:00:00,청주,21.0,0.0,0.0,7.14,2.7,62.0,맑음
2024-06-27 06:00:00,청주,20.9,0.0,0.0,8.36,10.4,67.0,흐림
2024-06-27 07:00:00,수원,15.7,0.0,0.0,10.34,0.8,45.0,흐림
2024-06-28 17:00:00,대구,20.8,0.0,0.0,13.72,1.4,36.0,맑음
2024-07-01 23:00:00,대전,19.0,0.0,0.0,12.31,2.4,46.0,맑음
2024-07-02 10:00:00,광주,11.8,0.0,0.0,15.39,1.7,77.0,흐림
2024-07-02 12:00:00,수원,16.5,0.0,0.0,15.55,0.1,33.0,맑음
2024-07-02 21:00:00,수원,10.0,2.0,0.0,11.48,7.1,63.0,비
2024-07-04 21:00:00,부산,13.1,0.0,0.0,9.11,7.3,96.0,맑음
2024-07-06 12:00:00,부산,13.6,0.0,0.0,15.75,3.7,95.0,맑음
2024-07-06 17:00:00,강릉,16.2,7.9,0.0,14.51,9.9,54.0,비
2024-07-08 01:00:00,서울,11.8,0.0,0.0,7.22,5.5,66.0,맑음
2024-07-08 08:00:00,서울,11.1,0.0,0.0,11.45,6.5,56.0,흐림
2024-07-11 00:00:00,광주,7.3,6.3,0.0,13.26,0.6,84.0,비
2024-07-11 19:00:00,강릉,3.4,0.0,0.0,13.25,0.7,71.0,흐림
2024-07-12 20:00:00,대구,8.5,0.0,0.0,18.18,0.3,56.0,흐림
2024-07-13 00:00:00,수원,18.1,0.0,0.0,13.77,3.4,77.0,흐림
2024-07-14 19:00:00,부산,17.4,0.0,0.0,16.78,2.6,39.0,흐림
2024-07-14 19:00:00,수원,9.7,0.0,0.0,12.62,1.7,36.0,흐림
2024-07-15 07:00:00,대전,13.3,0.0,0.0,12.71,5.7,50.0,흐림
2024-07-18 11:00:00,대구,15.2,6.4,0.0,13.2,0.4,45.0,비
2024-07-19 09:00:00,대전,9.2,0.0,0.0,19.48,0.0,35.0,맑음
2024-07-19 09:00:00,대구,4.5,0.0,0.0,0.24,0.2,37.0,안개
2024-07-19 11:00:00,부산,12.4,0.0,0.0,10.81,1.3,80.0,흐림
2024-07-20 21:00:00,강릉,20.0,9.9,0.0,18.49,2.2,35.0,비
2024-07-21 22:00:00,대전,13.0,0.0,0.0,12.59,2.3,85.0,맑음
2024-07-22 02:00:00,부산,20.0,0.0,0.0,6.45,7.8,50.0,맑음
2024-07-23 10:00:00,대전,4.8,0.0,0.0,7.45,2.2,32.0,맑음
2024-07-24 18:00:00,수원,9.3,0.0,0.0,17.67,1.7,45.0,맑음
2024-07-25 04:00:00,청주,10.0,3.4,0.0,10.06,5.8,81.0,비
2024-07-25 06:00:00,청주,16.3,0.0,0.0,13.46,0.2,45.0,맑음
2024-07-25 07:00:00,청주,22.3,0.0,0.0,9.97,0.2,48.0,맑음
2024-07-26 08:00:00,대전,24.6,0.0,0.0,9.39,2.2,78.0,맑음
2024-07-27 06:00:00,서울,22.2,0.0,0.0,0.99,1.6,87.0,안개
2024-07-27 07:00:00,광주,18.2,0.0,0.0,7.35,0.3,75.0,맑음
2024-07-27 09:00:00,대전,15.2,0.0,0.0,0.99,1.5,30.0,안개
2024-07-28 16:00:00,청주,15.7,0.0,0.0,17.75,1.3,77.0,흐림
2024-08-01 09:00:00,부산,13.6,0.3,0.0,12.3,3.0,91.0,비
2024-08-02 06:00:00,청주,11.3,0.0,0.0,13.88,0.3,60.0,맑음
2024-08-05 09:00:00,부산,1.5,0.0,0.0,8.65,6.3,57.0,맑음
2024-08-05 15:00:00,부산,3.3,0.0,0.0,15.33,2.0,89.0,흐림
2024-08-05 20:00:00,대구,12.0,0.0,0.0,13.25,1.2,80.0,흐림
2024-08-06 00:00:00,청주,17.4,0.0,0.0,10.43,0.5,63.0,흐림
2024-08-06 23:00:00,부산,5.7,0.0,0.0,7.26,1.1,35.0,흐림
2024-08-08 00:00:00,대전,13.8,0.0,0.0,0.47,0.6,97.0,안개
2024-08-09 04:00:00,광주,9.5,7.3,0.0,10.62,3.5,79.0,비
2024-08-09 09:00:00,부산,8.4,2.5,0.0,12.5,1.1,40.0,비
2024-08-09 23:00:00,청주,7.2,0.0,0.0,5.22,0.7,60.0,맑음
2024-08-10 04:00:00,대구,10.9,0.0,0.0,14.66,0.2,62.0,흐림
2024-08-11 02:00:00,대구,4.2,0.0,0.0,17.76,1.1,92.0,맑음
2024-08-11 06:00:00,수원,5.4,0.0,0.0,13.05,0.2,68.0,맑음
2024-08-11 15:00:00,광주,11.5,0.0,0.0,16.16,1.6,63.0,맑음
2024-08-11 15:00:00,강릉,3.0,0.0,0.0,11.77,6.1,72.0,흐림
2024-08-11 17:00:00,부산,18.9,1.1,0.0,8.45,3.2,39.0,비
2024-08-11 18:00:00,서울,14.2,0.0,0.0,16.46,0.3,69.0,비
2024-08-12 07:00:00,수원,13.5,0.8,0.0,15.71,0.8,45.0,비
2024-08-13 05:00:00,대전,19.0,0.0,0.0,5.15,2.8,92.0,맑음
2024-08-13 16:00:00,강릉,13.9,0.0,0.0,17.16,3.0,63.0,흐림
2024-08-14 18:00:00,강릉,3.5,0.0,0.0,18.93,1.1,87.0,흐림
2024-08-15 22:00:00,강릉,2.4,0.0,0.0,16.82,0.1,44.0,맑음
2024-08-16 05:00:00,강릉,9.9,0.0,0.0,12.3,1.5,38.0,맑음
2024-08-16 07:00:00,서울,12.4,0.0,0.0,19.79,9.1,70.0,흐림
2024-08-16 14:00:00,청주,10.8,0.0,0.0,19.13,0.3,64.0,흐림
2024-08-17 14:00:00,청주,16.3,3.8,0.0,12.46,0.3,68.0,비
2024-08-17 16:00:00,대전,14.7,0.0,0.0,12.71,2.1,49.0,맑음
2024-08-20 20:00:00,서울,1.5,0.0,0.0,12.92,2.9,65.0,맑음
2024-08-21 11:00:00,대구,14.3,13.4,0.0,0.37,1.2,76.0,안개
2024-08-21 18:00:00,대구,18.6,0.0,0.0,10.87,3.9,32.0,흐림
2024-08-21 18:00:00,서울,15.4,0.0,0.0,11.56,5.0,85.0,맑음
2024-08-22 13:00:00,대전,3.6,0.0,0.0,0.74,0.2,65.0,안개
2024-08-23 08:00:00,수원,11.6,0.0,0.0,13.0,1.0,54.0,맑음
2024-08-23 12:00:00,부산,21.3,0.0,0.0,9.87,5.2,34.0,흐림
2024-08-24 03:00:00,강릉,19.3,0.0,0.0,14.62,0.5,43.0,맑음
2024-08-24 08:00:00,서울,4.1,0.0,0.0,6.34,0.1,78.0,흐림
2024-08-24 16:00:00,대전,13.6,0.0,0.0,9.91,0.4,95.0,맑음
2024-08-25 19:00:00,광주,9.5,18.4,0.0,6.04,1.1,61.0,비
2024-08-25 19:00:00,광주,13.4,0.0,0.0,10.63,8.2,51.0,흐림
2024-08-26 14:00:00,광주,0.4,0.0,0.0,12.0,5.2,70.0,맑음
2024-08-27 10:00:00,서울,12.1,0.0,0.0,15.49,2.3,39.0,맑음
2024-09-01 00:00:00,대전,3.2,0.0,0.0,6.17,1.1,76.0,흐림
2024-09-03 08:00:00,대전,3.9,0.0,0.0,13.51,2.5,83.0,흐림
2024-09-03 14:00:00,부산,7.1,0.0,0.0,19.12,8.8,59.0,맑음
2024-09-04 02:00:00,수원,7.4,0.0,0.0,11.02,7.2,35.0,맑음
2024-09-04 06:00:00,대구,7.8,0.0,0.0,15.86,9.6,99.0,맑음
2024-09-06 22:00:00,대전,6.6,0.0,0.0,9.65,5.8,31.0,흐림
2024-09-07 07:00:00,대전,10.5,0.0,0.0,0.78,7.8,77.0,안개
2024-09-07 13:00:00,대구,16.8,0.0,0.0,15.0,3.6,48.0,맑음
2024-09-07 14:00:00,청주,15.3,0.0,0.0,18.32,1.5,76.0,맑음
2024-09-08 22:00:00,청주,12.0,0.0,0.0,15.73,2.9,97.0,맑음
2024-09-09 13:00:00,광주,10.9,0.0,0.0,17.67,2.5,54.0,흐림
2024-09-09 18:00:00,대전,1.1,0.0,0.0,16.26,3.5,78.0,흐림
2024-09-10 01:00:00,청주,18.8,3.3,0.0,13.1,1.5,97.0,비
2024-09-11 07:00:00,대구,15.8,4.3,0.0,16.2,0.8,41.0,비
2024-09-11 10:00:00,청주,1.7,0.0,0.0,6.4,0.1,49.0,맑음
2024-09-11 12:00:00,부산,8.1,0.0,0.0,16.1,2.5,79.0,맑음
2024-09-12 04:00:00,대구,15.4,0.0,0.0,7.11,4.8,86.0,흐림
2024-09-12 15:00:00,수원,14.1,0.0,0.0,6.1,2.0,61.0,맑음
2024-09-12 18:00:00,강릉,8.7,0.0,0.0,9.96,5.2,72.0,맑음
2024-09-13 11:00:00,서울,15.0,0.0,0.0,14.01,0.4,50.0,맑음
2024-09-14 14:00:00,서울,8.2,0.0,0.0,5.9,2.2,80.0,흐림
2024-09-15 23:00:00,청주,10.6,0.0,0.0,14.39,3.5,61.0,맑음
2024-09-16 17:00:00,광주,4.5,9.2,0.0,0.43,2.1,33.0,안개
2024-09-16 17:00:00,부산,2.0,0.0,0.0,7.28,4.6,41.0,흐림
2024-09-17 12:00:00,대전,12.4,0.0,0.0,0.73,7.8,34.0,안개
2024-09-17 14:00:00,강릉,9.1,0.0,0.0,9.99,0.7,33.0,맑음
2024-09-18 06:00:00,청주,8.1,0.0,0.0,10.45,1.0,33.0,맑음
2024-09-18 09:00:00,대구,2.0,0.0,0.0,5.13,2.8,75.0,맑음
2024-09-18 19:00:00,청주,8.6,0.0,0.0,19.13,1.5,39.0,맑음
2024-09-19 08:00:00,대구,5.7,0.0,0.0,16.83,2.6,39.0,맑음
2024-09-19 08:00:00,강릉,10.0,11.3,0.0,15.19,0.5,86.0,비
2024-09-19 17:00:00,수원,9.7,0.0,0.0,0.82,2.5,39.0,안개
2024-09-20 06:00:00,서울,8.0,12.3,0.0,10.77,5.5,76.0,비
2024-09-22 06:00:00,청주,9.3,9.5,0.0,6.78,4.8,51.0,비
2024-09-22 09:00:00,강릉,7.4,0.0,0.0,13.46,0.4,64.0,맑음
2024-09-22 13:00:00,서울,12.7,0.0,0.0,18.88,4.2,99.0,맑음
2024-09-22 14:00:00,대구,3.9,0.0,0.0,16.64,0.2,65.0,맑음
2024-09-22 16:00:00,수원,15.1,0.0,0.0,13.64,5.2,87.0,맑음
2024-09-23 07:00:00,대구,10.6,0.0,0.0,17.04,2.6,34.0,흐림
2024-09-24 05:00:00,대전,10.8,0.0,0.0,6.39,7.9,50.0,맑음
2024-09-24 05:00:00,부산,9.3,0.0,0.0,9.9,6.4,35.0,흐림
2024-09-24 14:00:00,강릉,7.0,0.0,0.0,18.74,5.3,61.0,흐림
2024-09-25 07:00:00,대전,6.3,0.0,0.0,12.61,6.0,57.0,맑음
2024-09-25 15:00:00,서울,10.4,0.0,0.0,13.18,0.4,48.0,맑음
2024-09-27 22:00:00,광주,5.2,0.0,0.0,14.23,6.4,73.0,맑음
2024-09-28 08:00:00,청주,13.7,0.0,0.0,5.61,3.2,57.0,맑음
2024-10-04 01:00:00,대구,7.1,0.0,0.0,0.77,1.9,53.0,안개
2024-10-04 16:00:00,강릉,3.3,0.0,0.0,9.77,1.8,74.0,흐림
2024-10-07 00:00:00,대구,7.7,0.0,0.0,13.33,0.4,90.0,맑음
2024-10-07 04:00:00,대전,3.6,0.0,0.0,5.43,7.9,80.0,흐림
2024-10-07 08:00:00,수원,15.3,0.0,0.0,9.57,5.1,61.0,맑음
2024-10-07 13:00:00,수원,6.7,0.0,0.0,15.41,9.0,79.0,맑음
2024-10-07 16:00:00,대전,11.3,0.0,0.0,16.53,1.5,73.0,흐림
2024-10-08 09:00:00,대구,9.7,0.0,0.0,9.26,0.4,89.0,흐림
2024-10-08 14:00:00,서울,8.2,9.3,0.0,6.95,13.1,44.0,비
2024-10-08 23:00:00,대구,9.7,0.0,0.0,6.32,5.0,34.0,맑음
2024-10-09 06:00:00,청주,1.9,0.0,0.0,18.66,2.2,67.0,흐림
2024-10-09 16:00:00,서울,12.5,0.0,0.0,11.09,0.3,64.0,맑음
2024-10-09 20:00:00,부산,5.9,0.4,0.0,18.01,3.1,90.0,비
2024-10-10 14:00:00,부산,12.4,0.0,0.0,0.21,0.9,100.0,안개
2024-10-11 01:00:00,청주,-3.1,0.0,0.0,9.51,6.4,31.0,맑음
2024-10-11 13:00:00,대구,5.7,0.0,0.0,7.5,0.2,90.0,흐림
2024-10-11 20:00:00,부산,1.4,0.0,0.0,7.92,3.1,74.0,흐림
2024-10-12 05:00:00,광주,2.5,0.0,0.0,0.89,1.4,91.0,안개
2024-10-12 15:00:00,광주,3.6,0.0,0.0,6.6,3.9,41.0,맑음
2024-10-12 22:00:00,광주,2.8,0.0,0.0,10.89,1.6,41.0,맑음
2024-10-13 09:00:00,서울,19.2,6.2,0.0,16.47,0.0,90.0,비
2024-10-13 22:00:00,강릉,5.8,0.0,0.0,13.98,6.7,61.0,맑음
2024-10-13 23:00:00,광주,15.3,0.0,0.0,11.96,0.6,40.0,흐림
2024-10-14 21:00:00,서울,13.1,0.0,0.0,9.35,2.3,95.0,맑음
2024-10-16 22:00:00,서울,6.8,1.5,0.0,13.65,1.3,34.0,비
2024-10-17 02:00:00,청주,-0.4,0.0,0.0,19.82,1.8,90.0,맑음
2024-10-17 17:00:00,강릉,2.0,1.2,0.0,12.13,2.1,63.0,비
2024-10-17 17:00:00,대구,5.3,0.0,0.0,15.01,0.0,50.0,맑음
2024-10-17 19:00:00,청주,6.8,0.0,0.0,7.2,0.7,82.0,흐림
2024-10-18 11:00:00,강릉,12.6,0.0,0.0,5.32,2.0,80.0,맑음
2024-10-19 13:00:00,광주,10.5,4.4,0.0,12.73,2.8,96.0,비
2024-10-20 00:00:00,대전,-2.1,0.0,0.0,14.86,1.2,31.0,흐림
2024-10-20 05:00:00,수원,6.7,8.2,0.0,17.1,4.0,89.0,비
2024-10-21 10:00:00,부산,4.7,5.9,0.0,15.33,2.8,43.0,비
2024-10-21 14:00:00,수원,7.1,0.0,0.0,7.21,1.9,32.0,맑음
2024-10-21 16:00:00,부산,7.8,0.0,0.0,10.67,2.1,49.0,맑음
2024-10-21 22:00:00,대전,11.0,0.0,0.0,15.56,0.4,36.0,맑음
2024-10-22 13:00:00,서울,14.9,0.0,0.0,17.77,3.1,53.0,흐림
2024-10-23 02:00:00,수원,7.1,0.0,0.0,12.89,1.8,42.0,맑음
2024-10-23 21:00:00,대구,0.3,0.0,0.0,18.2,5.1,54.0,맑음
2024-10-25 18:00:00,청주,2.5,0.0,0.0,17.98,2.2,92.0,맑음
2024-10-26 04:00:00,대구,7.7,0.0,0.0,5.24,1.3,45.0,흐림
2024-10-26 17:00:00,대전,3.3,0.0,0.0,17.54,5.7,35.0,흐림
2024-10-26 23:00:00,청주,1.7,0.0,0.0,15.14,0.3,52.0,맑음
2024-10-27 17:00:00,청주,2.2,11.9,0.0,16.38,1.4,43.0,비
2024-10-28 02:00:00,서울,2.1,0.5,0.0,19.99,15.3,92.0,비
2024-10-28 04:00:00,대전,-4.7,0.0,0.0,17.17,11.2,67.0,맑음
2024-10-28 12:00:00,대구,12.7,0.0,0.0,6.73,6.3,76.0,맑음
2024-10-28 18:00:00,대구,1.7,0.0,0.0,13.91,0.9,65.0,맑음
2024-11-02 07:00:00,청주,9.0,0.0,0.0,16.08,3.7,56.0,흐림
2024-11-02 18:00:00,청주,7.4,0.0,0.0,5.52,1.2,94.0,맑음
2024-11-03 23:00:00,부산,-1.1,0.0,0.0,6.34,3.8,45.0,맑음
2024-11-05 02:00:00,수원,1.4,3.9,0.0,8.57,0.7,72.0,비
2024-11-05 10:00:00,대구,8.4,0.0,0.0,1.0,2.6,85.0,안개
2024-11-05 14:00:00,대전,4.2,10.9,0.0,6.4,4.7,58.0,비
2024-11-07 15:00:00,부산,12.4,0.0,0.0,0.29,4.1,49.0,안개
2024-11-08 06:00:00,수원,2.0,0.0,0.0,7.05,1.6,56.0,맑음
2024-11-09 09:00:00,강릉,-5.8,0.0,0.0,17.45,0.7,34.0,맑음
2024-11-09 13:00:00,대전,3.6,0.0,0.0,12.92,9.0,46.0,맑음
2024-11-10 13:00:00,청주,-1.1,0.0,0.0,8.95,0.1,34.0,흐림
2024-11-11 02:00:00,광주,0.7,0.0,0.0,18.34,6.7,94.0,맑음
2024-11-11 07:00:00,대전,3.0,0.0,0.0,8.21,1.0,56.0,맑음
2024-11-11 09:00:00,서울,-2.8,0.0,0.0,8.81,2.9,59.0,흐림
2024-11-12 02:00:00,광주,2.1,0.0,0.0,6.03,0.8,56.0,흐림
2024-11-12 19:00:00,대구,5.8,0.0,0.0,18.58,0.2,91.0,맑음
2024-11-12 20:00:00,광주,9.6,0.0,0.0,18.51,1.6,67.0,맑음
2024-11-12 21:00:00,대구,4.7,3.4,0.0,13.58,2.8,43.0,비
2024-11-13 06:00:00,수원,0.3,0.0,0.0,19.17,2.0,88.0,맑음
2024-11-13 08:00:00,강릉,5.7,0.0,0.0,14.79,1.5,33.0,맑음
2024-11-14 11:00:00,청주,16.6,0.0,0.0,16.56,1.5,40.0,맑음
2024-11-15 09:00:00,대구,2.5,0.0,0.0,18.45,0.2,86.0,맑음
2024-11-15 14:00:00,강릉,9.5,0.0,0.0,15.44,0.9,36.0,맑음
2024-11-17 22:00:00,수원,10.3,0.0,0.0,0.3,1.5,73.0,안개
2024-11-18 02:00:00,대구,4.9,0.0,0.0,0.52,3.5,31.0,안개
2024-11-20 02:00:00,서울,7.2,0.0,0.0,10.27,3.3,32.0,흐림
2024-11-20 03:00:00,서울,3.6,0.0,0.0,16.92,7.1,51.0,흐림
2024-11-20 08:00:00,광주,5.8,0.0,0.0,13.52,0.0,31.0,흐림
2024-11-20 09:00:00,광주,3.0,4.5,0.0,8.61,0.9,72.0,비
2024-11-21 05:00:00,강릉,6.1,0.0,0.0,18.74,4.8,40.0,맑음
2024-11-21 16:00:00,청주,5.1,0.0,0.0,10.04,1.0,90.0,맑음
2024-11-22 12:00:00,대구,3.2,6.8,0.0,0.47,0.6,36.0,안개
2024-11-22 14:00:00,청주,7.5,0.0,0.0,14.8,0.3,51.0,맑음
2024-11-22 18:00:00,대전,5.8,0.0,0.0,6.45,0.1,92.0,맑음
2024-11-22 18:00:00,대구,5.1,0.0,0.0,9.13,5.6,88.0,맑음
2024-11-22 23:00:00,청주,9.3,0.0,0.0,12.19,9.1,76.0,흐림
2024-11-23 10:00:00,강릉,-0.5,0.0,0.0,19.02,0.6,59.0,맑음
2024-11-24 14:00:00,대전,5.3,0.0,0.0,0.94,3.0,82.0,안개
2024-11-25 08:00:00,청주,1.3,0.0,0.0,13.03,3.6,88.0,맑음
2024-11-25 21:00:00,광주,8.8,0.0,0.0,15.2,2.8,47.0,흐림
2024-11-26 00:00:00,강릉,9.8,0.0,0.0,12.82,10.3,54.0,맑음
2024-11-26 17:00:00,부산,3.5,0.0,0.0,14.77,7.6,51.0,맑음
2024-11-27 00:00:00,광주,5.7,0.0,0.0,13.3,2.6,43.0,흐림
2024-11-27 13:00:00,서울,6.0,0.0,0.0,8.4,2.0,83.0,맑음
2024-11-28 16:00:00,서울,-3.2,0.0,0.0,6.55,0.7,98.0,맑음
2024-12-03 06:00:00,강릉,1.7,0.0,0.0,17.33,3.4,38.0,맑음
2024-12-04 07:00:00,강릉,-10.9,0.0,0.0,6.95,2.8,45.0,맑음
2024-12-04 16:00:00,수원,0.1,0.0,0.0,0.75,4.7,82.0,안개
2024-12-05 07:00:00,서울,1.6,0.0,0.0,14.43,5.2,56.0,흐림
2024-12-05 14:00:00,대구,8.1,5.9,0.0,16.91,0.7,45.0,눈
2024-12-06 01:00:00,대구,-5.7,3.7,0.0,0.22,1.1,60.0,안개
2024-12-06 06:00:00,강릉,7.1,0.0,0.0,7.89,0.8,57.0,흐림
2024-12-06 10:00:00,부산,5.6,0.0,0.0,8.91,5.4,32.0,맑음
2024-12-06 22:00:00,대구,0.3,0.0,0.0,18.13,1.3,44.0,맑음
2024-12-07 01:00:00,대구,-0.0,11.0,0.0,7.62,0.1,76.0,비
2024-12-08 20:00:00,대구,-7.0,0.0,0.0,9.91,3.7,74.0,맑음
2024-12-09 02:00:00,수원,0.3,0.0,0.0,16.66,2.9,61.0,맑음
2024-12-09 03:00:00,부산,8.1,0.0,0.0,7.51,3.7,97.0,맑음
2024-12-09 13:00:00,서울,-1.3,0.0,0.0,17.77,1.1,53.0,맑음
2024-12-10 07:00:00,서울,-0.7,0.0,0.0,18.6,0.2,97.0,맑음
2024-12-10 10:00:00,대전,-0.2,0.6,23.8,6.0,0.6,50.0,눈
2024-12-10 15:00:00,대전,-1.9,0.0,0.0,10.48,0.8,43.0,맑음
2024-12-10 18:00:00,수원,1.7,0.0,0.0,0.71,4.4,38.0,안개
2024-12-11 07:00:00,수원,2.1,0.0,0.0,7.0,0.5,86.0,맑음
2024-12-11 08:00:00,부산,-0.9,0.0,0.0,6.71,5.0,61.0,맑음
2024-12-11 10:00:00,대구,-3.7,0.0,0.0,11.63,7.0,65.0,맑음
2024-12-11 12:00:00,수원,-1.3,0.0,11.2,6.96,0.5,35.0,눈
2024-12-11 13:00:00,청주,0.2,0.0,0.0,16.03,0.1,58.0,맑음
2024-12-12 13:00:00,대전,4.4,2.6,0.0,17.67,0.1,92.0,비
2024-12-13 12:00:00,부산,1.0,0.0,0.0,5.75,3.9,42.0,맑음
2024-12-14 04:00:00,수원,-5.2,0.0,0.0,19.88,2.2,95.0,맑음
2024-12-15 01:00:00,수원,1.8,5.5,0.0,10.52,1.6,98.0,비
2024-12-15 02:00:00,부산,-3.0,0.0,0.0,0.32,1.0,88.0,안개
2024-12-16 03:00:00,서울,-1.1,0.0,0.0,0.24,2.2,86.0,안개
2024-12-16 21:00:00,강릉,-6.4,0.0,0.0,12.9,10.6,94.0,맑음
2024-12-17 21:00:00,강릉,2.5,0.0,0.0,19.23,3.2,60.0,맑음
2024-12-18 21:00:00,청주,1.0,0.0,0.0,17.07,0.5,53.0,맑음
2024-12-19 00:00:00,강릉,-2.6,2.4,0.0,13.39,3.6,61.0,비
2024-12-19 00:00:00,서울,-1.4,0.0,0.0,18.89,9.7,41.0,흐림
2024-12-19 12:00:00,부산,-0.5,1.4,0.0,5.5,4.7,55.0,비
2024-12-21 23:00:00,서울,-1.1,0.0,0.0,6.55,1.9,67.0,흐림
2024-12-21 23:00:00,대구,15.0,0.0,0.0,19.16,0.0,60.0,맑음
2024-12-23 15:00:00,청주,3.0,3.6,0.0,6.37,2.0,56.0,비
2024-12-24 06:00:00,수원,3.2,0.0,0.0,10.6,1.7,34.0,맑음
2024-12-25 06:00:00,광주,5.8,0.7,0.0,10.4,13.1,70.0,비
2024-12-25 17:00:00,부산,5.8,0.7,0.0,0.52,0.3,93.0,안개
2024-12-25 23:00:00,부산,6.8,0.0,0.0,19.35,0.2,72.0,맑음
2024-12-26 04:00:00,청주,6.4,1.8,0.0,17.37,2.7,72.0,비
2024-12-26 19:00:00,강릉,10.7,0.0,0.0,13.69,8.4,57.0,맑음
2024-12-26 23:00:00,대전,3.8,0.0,0.0,9.99,3.0,63.0,맑음
2024-12-27 12:00:00,광주,7.4,0.6,0.0,11.76,0.3,52.0,비
2024-12-27 18:00:00,대구,-0.9,0.0,0.0,18.55,2.7,84.0,맑음
2024-12-28 02:00:00,청주,0.5,0.0,0.0,0.55,0.7,81.0,안개
2024-12-28 12:00:00,강릉,-5.2,0.0,0.0,11.75,0.2,92.0,맑음
2024-12-28 20:00:00,대구,-6.2,0.0,0.0,14.94,4.4,85.0,맑음
